,id,station,date,prcp,tobs
0,2373,USC00519397,2016-09-01,0.0,81.0
1,2374,USC00519397,2016-09-02,0.0,80.0
2,2375,USC00519397,2016-09-03,0.0,79.0
3,2376,USC00519397,2016-09-04,0.03,75.0
4,2377,USC00519397,2016-09-05,,79.0
5,2378,USC00519397,2016-09-06,,76.0
6,2379,USC00519397,2016-09-07,0.05,76.0
7,2380,USC00519397,2016-09-08,0.0,80.0
8,2381,USC00519397,2016-09-09,0.03,79.0
9,2382,USC00519397,2016-09-10,0.0,78.0
10,2383,USC00519397,2016-09-11,0.05,76.0
11,2384,USC00519397,2016-09-12,0.0,78.0
12,2385,USC00519397,2016-09-13,0.02,78.0
13,2386,USC00519397,2016-09-14,1.32,75.0
14,2387,USC00519397,2016-09-15,0.42,79.0
15,2388,USC00519397,2016-09-16,0.06,80.0
16,2389,USC00519397,2016-09-17,0.05,79.0
17,2390,USC00519397,2016-09-18,0.0,81.0
18,2391,USC00519397,2016-09-19,0.0,77.0
19,2392,USC00519397,2016-09-20,0.0,77.0
20,2393,USC00519397,2016-09-21,0.0,78.0
21,2394,USC00519397,2016-09-22,0.02,76.0
22,2395,USC00519397,2016-09-23,0.0,82.0
23,2396,USC00519397,2016-09-24,0.0,81.0
24,2397,USC00519397,2016-09-25,0.0,78.0
25,2398,USC00519397,2016-09-26,0.06,80.0
26,2399,USC00519397,2016-09-27,0.02,80.0
27,2400,USC00519397,2016-09-28,0.0,79.0
28,2401,USC00519397,2016-09-29,0.0,80.0
29,2402,USC00519397,2016-09-30,0.0,80.0
30,2403,USC00519397,2016-10-01,0.0,80.0
31,2404,USC00519397,2016-10-02,0.0,79.0
32,2405,USC00519397,2016-10-03,0.0,79.0
33,2406,USC00519397,2016-10-04,0.0,79.0
34,2407,USC00519397,2016-10-05,0.0,80.0
35,2408,USC00519397,2016-10-06,0.0,80.0
36,2409,USC00519397,2016-10-07,0.0,79.0
37,2410,USC00519397,2016-10-08,0.0,78.0
38,2411,USC00519397,2016-10-09,0.0,76.0
39,2412,USC00519397,2016-10-10,0.0,75.0
40,2413,USC00519397,2016-10-11,0.0,80.0
41,2414,USC00519397,2016-10-12,0.0,80.0
42,2415,USC00519397,2016-10-13,0.0,79.0
43,2416,USC00519397,2016-10-14,0.0,80.0
44,2417,USC00519397,2016-10-15,0.0,79.0
45,2418,USC00519397,2016-10-16,0.0,78.0
46,2419,USC00519397,2016-10-17,0.01,78.0
47,2420,USC00519397,2016-10-18,0.0,80.0
48,2421,USC00519397,2016-10-19,0.0,81.0
49,2422,USC00519397,2016-10-20,0.0,79.0
50,2423,USC00519397,2016-10-21,0.05,77.0
51,2424,USC00519397,2016-10-22,0.15,79.0
52,2425,USC00519397,2016-10-23,0.01,78.0
53,2426,USC00519397,2016-10-24,0.0,77.0
54,2427,USC00519397,2016-10-25,0.03,77.0
55,2428,USC00519397,2016-10-26,0.0,78.0
56,2429,USC00519397,2016-10-27,0.0,77.0
57,2430,USC00519397,2016-10-28,0.0,78.0
58,2431,USC00519397,2016-10-29,0.0,77.0
59,2432,USC00519397,2016-10-30,0.24,76.0
60,2433,USC00519397,2016-10-31,0.03,77.0
61,2434,USC00519397,2016-11-01,0.0,77.0
62,2435,USC00519397,2016-11-02,0.0,77.0
63,2436,USC00519397,2016-11-03,0.0,77.0
64,2437,USC00519397,2016-11-04,0.0,77.0
65,2438,USC00519397,2016-11-05,0.0,76.0
66,2439,USC00519397,2016-11-06,0.0,75.0
67,2440,USC00519397,2016-11-07,0.0,71.0
68,2441,USC00519397,2016-11-08,0.07,71.0
69,2442,USC00519397,2016-11-09,0.0,71.0
70,2443,USC00519397,2016-11-10,0.0,71.0
71,2444,USC00519397,2016-11-11,0.0,72.0
72,2445,USC00519397,2016-11-12,0.0,71.0
73,2446,USC00519397,2016-11-13,0.0,72.0
74,2447,USC00519397,2016-11-14,0.0,77.0
75,2448,USC00519397,2016-11-15,0.0,77.0
76,2449,USC00519397,2016-11-16,0.0,77.0
77,2450,USC00519397,2016-11-17,0.0,77.0
78,2451,USC00519397,2016-11-18,0.0,77.0
79,2452,USC00519397,2016-11-19,0.03,75.0
80,2453,USC00519397,2016-11-20,0.05,76.0
81,2454,USC00519397,2016-11-21,0.01,76.0
82,2455,USC00519397,2016-11-22,0.13,75.0
83,2456,USC00519397,2016-11-23,0.14,72.0
84,2457,USC00519397,2016-11-24,0.05,74.0
85,2458,USC00519397,2016-11-25,0.05,75.0
86,2459,USC00519397,2016-11-26,0.05,73.0
87,2460,USC00519397,2016-11-27,0.0,76.0
88,2461,USC00519397,2016-11-28,0.01,75.0
89,2462,USC00519397,2016-11-29,0.0,68.0
90,2463,USC00519397,2016-11-30,0.14,75.0
91,2464,USC00519397,2016-12-01,0.12,75.0
92,2465,USC00519397,2016-12-02,0.03,72.0
93,2466,USC00519397,2016-12-03,0.0,69.0
94,2467,USC00519397,2016-12-04,0.03,71.0
95,2468,USC00519397,2016-12-05,0.43,68.0
96,2469,USC00519397,2016-12-06,0.02,67.0
97,2470,USC00519397,2016-12-07,0.0,69.0
98,2471,USC00519397,2016-12-08,0.03,73.0
99,2472,USC00519397,2016-12-09,0.52,70.0
100,2473,USC00519397,2016-12-10,0.05,70.0
101,2474,USC00519397,2016-12-11,0.04,70.0
102,2475,USC00519397,2016-12-12,0.01,66.0
103,2476,USC00519397,2016-12-13,0.05,67.0
104,2477,USC00519397,2016-12-14,0.03,70.0
105,2478,USC00519397,2016-12-15,0.0,66.0
106,2479,USC00519397,2016-12-16,0.0,62.0
107,2480,USC00519397,2016-12-17,0.01,71.0
108,2481,USC00519397,2016-12-18,0.13,73.0
109,2482,USC00519397,2016-12-19,0.01,69.0
110,2483,USC00519397,2016-12-20,0.0,77.0
111,2484,USC00519397,2016-12-21,0.0,74.0
112,2485,USC00519397,2016-12-22,0.01,71.0
113,2486,USC00519397,2016-12-23,0.01,72.0
114,2487,USC00519397,2016-12-24,0.01,74.0
115,2488,USC00519397,2016-12-25,0.0,74.0
116,2489,USC00519397,2016-12-26,0.02,74.0
117,2490,USC00519397,2016-12-27,0.0,74.0
118,2491,USC00519397,2016-12-28,0.02,71.0
119,2492,USC00519397,2016-12-29,0.04,73.0
120,2493,USC00519397,2016-12-30,0.12,69.0
121,2494,USC00519397,2016-12-31,0.01,66.0
122,2495,USC00519397,2017-01-01,0.0,62.0
123,2496,USC00519397,2017-01-02,0.0,66.0
124,2497,USC00519397,2017-01-03,0.0,63.0
125,2498,USC00519397,2017-01-04,0.0,62.0
126,2499,USC00519397,2017-01-05,0.0,63.0
127,2500,USC00519397,2017-01-06,0.0,64.0
128,2501,USC00519397,2017-01-07,0.0,66.0
129,2502,USC00519397,2017-01-08,0.0,60.0
130,2503,USC00519397,2017-01-09,0.0,64.0
131,2504,USC00519397,2017-01-10,0.0,63.0
132,2505,USC00519397,2017-01-11,0.0,78.0
133,2506,USC00519397,2017-01-12,0.0,67.0
134,2507,USC00519397,2017-01-13,0.0,67.0
135,2508,USC00519397,2017-01-14,0.0,65.0
136,2509,USC00519397,2017-01-15,0.0,66.0
137,2510,USC00519397,2017-01-16,0.0,67.0
138,2511,USC00519397,2017-01-17,0.0,66.0
139,2512,USC00519397,2017-01-18,0.0,72.0
140,2513,USC00519397,2017-01-19,0.0,73.0
141,2514,USC00519397,2017-01-20,0.0,71.0
142,2515,USC00519397,2017-01-21,0.0,72.0
143,2516,USC00519397,2017-01-22,0.16,72.0
144,2517,USC00519397,2017-01-23,0.0,72.0
145,2518,USC00519397,2017-01-24,0.04,69.0
146,2519,USC00519397,2017-01-25,0.03,72.0
147,2520,USC00519397,2017-01-26,0.0,71.0
148,2521,USC00519397,2017-01-27,0.0,65.0
149,2522,USC00519397,2017-01-28,0.0,64.0
150,2523,USC00519397,2017-01-29,0.18,67.0
151,2524,USC00519397,2017-01-30,0.0,67.0
152,2525,USC00519397,2017-01-31,0.0,68.0
153,2526,USC00519397,2017-02-01,0.0,70.0
154,2527,USC00519397,2017-02-02,0.0,61.0
155,2528,USC00519397,2017-02-03,0.0,65.0
156,2529,USC00519397,2017-02-04,0.0,72.0
157,2530,USC00519397,2017-02-05,0.0,73.0
158,2531,USC00519397,2017-02-06,0.0,76.0
159,2532,USC00519397,2017-02-07,0.51,64.0
160,2533,USC00519397,2017-02-08,0.0,62.0
161,2534,USC00519397,2017-02-09,0.0,61.0
162,2535,USC00519397,2017-02-10,0.0,71.0
163,2536,USC00519397,2017-02-11,0.31,69.0
164,2537,USC00519397,2017-02-12,2.62,68.0
165,2538,USC00519397,2017-02-13,0.01,74.0
166,2539,USC00519397,2017-02-14,0.0,75.0
167,2540,USC00519397,2017-02-15,0.0,75.0
168,2541,USC00519397,2017-02-16,0.07,71.0
169,2542,USC00519397,2017-02-17,0.0,71.0
170,2543,USC00519397,2017-02-18,0.0,68.0
171,2544,USC00519397,2017-02-19,0.0,69.0
172,2545,USC00519397,2017-02-20,0.0,71.0
173,2546,USC00519397,2017-02-21,0.06,70.0
174,2547,USC00519397,2017-02-22,0.06,72.0
175,2548,USC00519397,2017-02-23,0.01,74.0
176,2549,USC00519397,2017-02-24,0.0,70.0
177,2550,USC00519397,2017-02-25,0.03,64.0
178,2551,USC00519397,2017-02-26,0.0,65.0
179,2552,USC00519397,2017-02-27,0.0,72.0
180,2553,USC00519397,2017-02-28,0.0,74.0
181,2554,USC00519397,2017-03-01,1.19,66.0
182,2555,USC00519397,2017-03-02,0.73,73.0
183,2556,USC00519397,2017-03-03,0.47,69.0
184,2557,USC00519397,2017-03-04,0.0,74.0
185,2558,USC00519397,2017-03-05,0.35,71.0
186,2559,USC00519397,2017-03-06,0.0,69.0
187,2560,USC00519397,2017-03-07,0.0,68.0
188,2561,USC00519397,2017-03-08,0.0,71.0
189,2562,USC00519397,2017-03-09,0.0,72.0
190,2563,USC00519397,2017-03-10,0.0,68.0
191,2564,USC00519397,2017-03-11,0.0,71.0
192,2565,USC00519397,2017-03-12,0.0,74.0
193,2566,USC00519397,2017-03-13,0.0,71.0
194,2567,USC00519397,2017-03-14,0.0,71.0
195,2568,USC00519397,2017-03-15,0.0,71.0
196,2569,USC00519397,2017-03-16,0.0,70.0
197,2570,USC00519397,2017-03-17,0.0,72.0
198,2571,USC00519397,2017-03-18,0.0,69.0
199,2572,USC00519397,2017-03-19,0.0,73.0
200,2573,USC00519397,2017-03-20,0.0,75.0
201,2574,USC00519397,2017-03-21,0.0,75.0
202,2575,USC00519397,2017-03-22,0.0,74.0
203,2576,USC00519397,2017-03-23,0.0,70.0
204,2577,USC00519397,2017-03-24,0.02,73.0
205,2578,USC00519397,2017-03-25,0.0,76.0
206,2579,USC00519397,2017-03-26,0.0,76.0
207,2580,USC00519397,2017-03-27,0.0,75.0
208,2581,USC00519397,2017-03-28,0.0,77.0
209,2582,USC00519397,2017-03-29,0.0,76.0
210,2583,USC00519397,2017-03-30,0.0,77.0
211,2584,USC00519397,2017-03-31,0.0,76.0
212,2585,USC00519397,2017-04-01,0.0,76.0
213,2586,USC00519397,2017-04-02,0.0,76.0
214,2587,USC00519397,2017-04-03,0.0,77.0
215,2588,USC00519397,2017-04-04,0.0,76.0
216,2589,USC00519397,2017-04-05,0.0,78.0
217,2590,USC00519397,2017-04-06,0.0,77.0
218,2591,USC00519397,2017-04-07,0.0,77.0
219,2592,USC00519397,2017-04-08,0.0,77.0
220,2593,USC00519397,2017-04-09,0.0,72.0
221,2594,USC00519397,2017-04-10,0.0,75.0
222,2595,USC00519397,2017-04-11,0.0,79.0
223,2596,USC00519397,2017-04-12,0.0,78.0
224,2597,USC00519397,2017-04-13,0.0,77.0
225,2598,USC00519397,2017-04-14,0.26,75.0
226,2599,USC00519397,2017-04-15,0.01,73.0
227,2600,USC00519397,2017-04-16,0.0,74.0
228,2601,USC00519397,2017-04-17,0.02,74.0
229,2602,USC00519397,2017-04-18,0.0,75.0
230,2603,USC00519397,2017-04-19,0.02,74.0
231,2604,USC00519397,2017-04-20,0.05,78.0
232,2605,USC00519397,2017-04-21,0.23,73.0
233,2606,USC00519397,2017-04-22,0.32,76.0
234,2607,USC00519397,2017-04-23,0.03,77.0
235,2608,USC00519397,2017-04-24,0.0,77.0
236,2609,USC00519397,2017-04-25,0.0,77.0
237,2610,USC00519397,2017-04-26,0.0,77.0
238,2611,USC00519397,2017-04-27,0.0,78.0
239,2612,USC00519397,2017-04-28,0.0,76.0
240,2613,USC00519397,2017-04-29,0.12,72.0
241,2614,USC00519397,2017-04-30,0.89,63.0
242,2615,USC00519397,2017-05-01,0.26,75.0
243,2616,USC00519397,2017-05-02,0.0,78.0
244,2617,USC00519397,2017-05-03,0.0,78.0
245,2618,USC00519397,2017-05-04,0.0,78.0
246,2619,USC00519397,2017-05-05,0.0,79.0
247,2620,USC00519397,2017-05-06,0.0,79.0
248,2621,USC00519397,2017-05-07,0.0,79.0
249,2622,USC00519397,2017-05-08,0.0,77.0
250,2623,USC00519397,2017-05-10,0.0,78.0
251,2624,USC00519397,2017-05-11,0.01,78.0
252,2625,USC00519397,2017-05-12,0.0,79.0
253,2626,USC00519397,2017-05-13,0.0,79.0
254,2627,USC00519397,2017-05-14,0.0,77.0
255,2628,USC00519397,2017-05-15,0.05,78.0
256,2629,USC00519397,2017-05-16,0.01,78.0
257,2630,USC00519397,2017-05-17,0.0,78.0
258,2631,USC00519397,2017-05-18,0.01,73.0
259,2632,USC00519397,2017-05-19,0.0,76.0
260,2633,USC00519397,2017-05-20,0.0,78.0
261,2634,USC00519397,2017-05-21,0.0,76.0
262,2635,USC00519397,2017-05-22,0.0,77.0
263,2636,USC00519397,2017-05-23,0.08,87.0
264,2637,USC00519397,2017-05-24,0.13,77.0
265,2638,USC00519397,2017-05-25,0.15,77.0
266,2639,USC00519397,2017-05-27,0.01,74.0
267,2640,USC00519397,2017-05-28,0.02,76.0
268,2641,USC00519397,2017-05-29,0.0,75.0
269,2642,USC00519397,2017-05-30,0.26,76.0
270,2643,USC00519397,2017-05-31,0.02,79.0
271,2644,USC00519397,2017-06-01,0.0,79.0
272,2645,USC00519397,2017-06-02,0.0,79.0
273,2646,USC00519397,2017-06-03,0.02,79.0
274,2647,USC00519397,2017-06-04,0.0,79.0
275,2648,USC00519397,2017-06-05,0.0,80.0
276,2649,USC00519397,2017-06-06,0.0,79.0
277,2650,USC00519397,2017-06-07,0.0,79.0
278,2651,USC00519397,2017-06-08,0.0,80.0
279,2652,USC00519397,2017-06-09,0.0,80.0
280,2653,USC00519397,2017-06-10,0.04,77.0
281,2654,USC00519397,2017-06-11,0.08,79.0
282,2655,USC00519397,2017-06-12,0.02,83.0
283,2656,USC00519397,2017-06-13,0.0,80.0
284,2657,USC00519397,2017-06-14,0.0,80.0
285,2658,USC00519397,2017-06-15,0.0,78.0
286,2659,USC00519397,2017-06-16,0.0,79.0
287,2660,USC00519397,2017-06-17,0.0,80.0
288,2661,USC00519397,2017-06-18,0.05,77.0
289,2662,USC00519397,2017-06-19,0.0,80.0
290,2663,USC00519397,2017-06-20,0.02,78.0
291,2664,USC00519397,2017-06-21,0.0,79.0
292,2665,USC00519397,2017-06-22,0.0,80.0
293,2666,USC00519397,2017-06-23,0.0,78.0
294,2667,USC00519397,2017-06-24,0.06,80.0
295,2668,USC00519397,2017-06-25,0.0,80.0
296,2669,USC00519397,2017-06-26,0.0,81.0
297,2670,USC00519397,2017-06-27,0.0,80.0
298,2671,USC00519397,2017-06-28,0.0,79.0
299,2672,USC00519397,2017-06-29,0.0,79.0
300,2673,USC00519397,2017-06-30,0.08,75.0
301,2674,USC00519397,2017-07-01,0.02,80.0
302,2675,USC00519397,2017-07-02,0.02,80.0
303,2676,USC00519397,2017-07-03,0.04,78.0
304,2677,USC00519397,2017-07-04,0.04,80.0
305,2678,USC00519397,2017-07-05,0.0,80.0
306,2679,USC00519397,2017-07-06,0.0,81.0
307,2680,USC00519397,2017-07-07,0.0,79.0
308,2681,USC00519397,2017-07-08,0.0,80.0
309,2682,USC00519397,2017-07-09,0.0,80.0
310,2683,USC00519397,2017-07-10,0.0,80.0
311,2684,USC00519397,2017-07-11,0.0,78.0
312,2685,USC00519397,2017-07-12,0.0,81.0
313,2686,USC00519397,2017-07-13,0.07,79.0
314,2687,USC00519397,2017-07-14,0.02,81.0
315,2688,USC00519397,2017-07-15,0.0,80.0
316,2689,USC00519397,2017-07-16,0.02,78.0
317,2690,USC00519397,2017-07-17,0.03,80.0
318,2691,USC00519397,2017-07-18,0.05,80.0
319,2692,USC00519397,2017-07-20,0.03,80.0
320,2693,USC00519397,2017-07-21,0.0,80.0
321,2694,USC00519397,2017-07-22,0.03,81.0
322,2695,USC00519397,2017-07-23,0.0,81.0
323,2696,USC00519397,2017-07-24,0.05,78.0
324,2697,USC00519397,2017-07-25,0.0,80.0
325,2698,USC00519397,2017-07-26,0.0,82.0
326,2699,USC00519397,2017-07-27,0.0,79.0
327,2700,USC00519397,2017-07-28,0.0,81.0
328,2701,USC00519397,2017-07-29,0.0,81.0
329,2702,USC00519397,2017-07-30,0.0,81.0
330,2703,USC00519397,2017-07-31,0.0,80.0
331,2704,USC00519397,2017-08-01,0.02,77.0
332,2705,USC00519397,2017-08-02,0.0,73.0
333,2706,USC00519397,2017-08-03,0.0,79.0
334,2707,USC00519397,2017-08-04,0.02,80.0
335,2708,USC00519397,2017-08-05,0.0,81.0
336,2709,USC00519397,2017-08-06,0.0,80.0
337,2710,USC00519397,2017-08-07,0.0,80.0
338,2711,USC00519397,2017-08-08,0.0,80.0
339,2712,USC00519397,2017-08-09,0.0,80.0
340,2713,USC00519397,2017-08-10,0.0,81.0
341,2714,USC00519397,2017-08-11,0.0,78.0
342,2715,USC00519397,2017-08-12,0.0,80.0
343,2716,USC00519397,2017-08-13,0.0,81.0
344,2717,USC00519397,2017-08-14,0.0,79.0
345,2718,USC00519397,2017-08-15,0.02,78.0
346,2719,USC00519397,2017-08-18,0.0,80.0
347,2720,USC00519397,2017-08-19,0.0,79.0
348,2721,USC00519397,2017-08-20,0.0,81.0
349,2722,USC00519397,2017-08-21,0.0,81.0
350,2723,USC00519397,2017-08-22,0.0,82.0
351,2724,USC00519397,2017-08-23,0.0,81.0
352,5100,USC00513117,2016-09-01,0.0,79.0
353,5101,USC00513117,2016-09-02,0.02,78.0
354,5102,USC00513117,2016-09-03,0.07,77.0
355,5103,USC00513117,2016-09-04,0.03,75.0
356,5104,USC00513117,2016-09-05,0.11,78.0
357,5105,USC00513117,2016-09-06,0.05,74.0
358,5106,USC00513117,2016-09-07,0.1,75.0
359,5107,USC00513117,2016-09-08,0.22,77.0
360,5108,USC00513117,2016-09-09,0.01,76.0
361,5109,USC00513117,2016-09-10,0.01,76.0
362,5110,USC00513117,2016-09-11,0.18,76.0
363,5111,USC00513117,2016-09-12,0.04,76.0
364,5112,USC00513117,2016-09-13,0.37,76.0
365,5113,USC00513117,2016-09-14,0.9,76.0
366,5114,USC00513117,2016-09-15,0.12,78.0
367,5115,USC00513117,2016-09-16,0.01,78.0
368,5116,USC00513117,2016-09-17,0.04,78.0
369,5117,USC00513117,2016-09-18,0.0,78.0
370,5118,USC00513117,2016-09-19,0.01,75.0
371,5119,USC00513117,2016-09-20,0.09,78.0
372,5120,USC00513117,2016-09-21,0.06,76.0
373,5121,USC00513117,2016-09-22,0.09,77.0
374,5122,USC00513117,2016-09-23,0.15,76.0
375,5123,USC00513117,2016-09-24,0.0,79.0
376,5124,USC00513117,2016-09-25,0.02,77.0
377,5125,USC00513117,2016-09-26,0.06,77.0
378,5126,USC00513117,2016-09-27,0.12,77.0
379,5127,USC00513117,2016-09-28,0.08,77.0
380,5128,USC00513117,2016-09-29,0.49,76.0
381,5129,USC00513117,2016-09-30,0.31,77.0
382,5130,USC00513117,2016-10-01,0.14,75.0
383,5131,USC00513117,2016-10-02,0.02,77.0
384,5132,USC00513117,2016-10-03,0.04,78.0
385,5133,USC00513117,2016-10-04,0.0,78.0
386,5134,USC00513117,2016-10-05,0.0,77.0
387,5135,USC00513117,2016-10-06,0.05,76.0
388,5136,USC00513117,2016-10-07,0.0,78.0
389,5137,USC00513117,2016-10-08,0.0,76.0
390,5138,USC00513117,2016-10-09,0.0,77.0
391,5139,USC00513117,2016-10-10,0.0,75.0
392,5140,USC00513117,2016-10-11,0.02,77.0
393,5141,USC00513117,2016-10-12,0.03,75.0
394,5142,USC00513117,2016-10-13,0.0,78.0
395,5143,USC00513117,2016-10-14,0.0,77.0
396,5144,USC00513117,2016-10-15,0.0,76.0
397,5145,USC00513117,2016-10-16,0.0,75.0
398,5146,USC00513117,2016-10-17,0.03,77.0
399,5147,USC00513117,2016-10-18,0.05,77.0
400,5148,USC00513117,2016-10-19,0.06,77.0
401,5149,USC00513117,2016-10-20,0.0,76.0
402,5150,USC00513117,2016-10-21,0.15,76.0
403,5151,USC00513117,2016-10-22,0.1,77.0
404,5152,USC00513117,2016-10-23,0.01,76.0
405,5153,USC00513117,2016-10-24,0.0,76.0
406,5154,USC00513117,2016-10-25,0.04,77.0
407,5155,USC00513117,2016-10-26,0.06,74.0
408,5156,USC00513117,2016-10-27,0.11,75.0
409,5157,USC00513117,2016-10-28,0.02,77.0
410,5158,USC00513117,2016-10-29,0.02,77.0
411,5159,USC00513117,2016-10-30,0.1,78.0
412,5160,USC00513117,2016-10-31,0.03,76.0
413,5161,USC00513117,2016-11-01,0.01,77.0
414,5162,USC00513117,2016-11-02,0.0,76.0
415,5163,USC00513117,2016-11-03,0.0,74.0
416,5164,USC00513117,2016-11-04,0.0,76.0
417,5165,USC00513117,2016-11-05,0.02,72.0
418,5166,USC00513117,2016-11-06,0.02,76.0
419,5167,USC00513117,2016-11-07,0.0,69.0
420,5168,USC00513117,2016-11-08,0.14,71.0
421,5169,USC00513117,2016-11-09,0.08,70.0
422,5170,USC00513117,2016-11-10,0.0,69.0
423,5171,USC00513117,2016-11-11,0.0,71.0
424,5172,USC00513117,2016-11-12,0.0,68.0
425,5173,USC00513117,2016-11-13,0.0,72.0
426,5174,USC00513117,2016-11-14,0.06,76.0
427,5175,USC00513117,2016-11-15,0.0,78.0
428,5176,USC00513117,2016-11-16,0.14,76.0
429,5177,USC00513117,2016-11-17,0.03,75.0
430,5178,USC00513117,2016-11-18,0.01,78.0
431,5179,USC00513117,2016-11-19,0.11,73.0
432,5180,USC00513117,2016-11-20,0.11,75.0
433,5181,USC00513117,2016-11-21,0.02,75.0
434,5182,USC00513117,2016-11-22,0.41,76.0
435,5183,USC00513117,2016-11-23,0.03,75.0
436,5184,USC00513117,2016-11-24,0.2,75.0
437,5185,USC00513117,2016-11-25,0.05,76.0
438,5186,USC00513117,2016-11-26,0.05,76.0
439,5187,USC00513117,2016-11-27,0.06,75.0
440,5188,USC00513117,2016-11-28,0.02,75.0
441,5189,USC00513117,2016-11-29,0.04,74.0
442,5190,USC00513117,2016-11-30,0.05,74.0
443,5191,USC00513117,2016-12-01,0.33,73.0
444,5192,USC00513117,2016-12-02,0.3,71.0
445,5193,USC00513117,2016-12-03,0.04,71.0
446,5194,USC00513117,2016-12-04,0.1,69.0
447,5195,USC00513117,2016-12-05,0.34,68.0
448,5196,USC00513117,2016-12-06,0.02,70.0
449,5197,USC00513117,2016-12-07,0.17,71.0
450,5198,USC00513117,2016-12-08,0.03,72.0
451,5199,USC00513117,2016-12-09,0.34,70.0
452,5200,USC00513117,2016-12-10,0.02,71.0
453,5201,USC00513117,2016-12-11,0.02,72.0
454,5202,USC00513117,2016-12-12,0.01,68.0
455,5203,USC00513117,2016-12-13,0.1,68.0
456,5204,USC00513117,2016-12-14,0.05,70.0
457,5205,USC00513117,2016-12-15,0.02,70.0
458,5206,USC00513117,2016-12-16,0.01,63.0
459,5207,USC00513117,2016-12-17,0.11,71.0
460,5208,USC00513117,2016-12-18,0.29,67.0
461,5209,USC00513117,2016-12-19,0.21,69.0
462,5210,USC00513117,2016-12-20,0.02,74.0
463,5211,USC00513117,2016-12-21,0.03,72.0
464,5212,USC00513117,2016-12-22,0.17,70.0
465,5213,USC00513117,2016-12-23,0.1,69.0
466,5214,USC00513117,2016-12-24,0.14,73.0
467,5215,USC00513117,2016-12-25,0.03,74.0
468,5216,USC00513117,2016-12-26,0.26,74.0
469,5217,USC00513117,2016-12-27,0.03,73.0
470,5218,USC00513117,2016-12-28,0.09,71.0
471,5219,USC00513117,2016-12-29,0.18,72.0
472,5220,USC00513117,2016-12-30,0.21,69.0
473,5221,USC00513117,2016-12-31,0.62,71.0
474,5222,USC00513117,2017-01-01,0.29,66.0
475,5223,USC00513117,2017-01-02,0.0,66.0
476,5224,USC00513117,2017-01-03,0.0,65.0
477,5225,USC00513117,2017-01-04,0.0,64.0
478,5226,USC00513117,2017-01-05,0.0,65.0
479,5227,USC00513117,2017-01-06,0.0,70.0
480,5228,USC00513117,2017-01-07,0.06,72.0
481,5229,USC00513117,2017-01-08,0.0,62.0
482,5230,USC00513117,2017-01-09,0.0,65.0
483,5231,USC00513117,2017-01-10,0.0,66.0
484,5232,USC00513117,2017-01-11,0.0,66.0
485,5233,USC00513117,2017-01-12,0.0,67.0
486,5234,USC00513117,2017-01-13,0.0,70.0
487,5235,USC00513117,2017-01-14,0.0,66.0
488,5236,USC00513117,2017-01-15,0.0,67.0
489,5237,USC00513117,2017-01-16,0.0,69.0
490,5238,USC00513117,2017-01-17,0.0,74.0
491,5239,USC00513117,2017-01-18,0.0,73.0
492,5240,USC00513117,2017-01-19,0.0,74.0
493,5241,USC00513117,2017-01-20,0.0,73.0
494,5242,USC00513117,2017-01-21,0.04,72.0
495,5243,USC00513117,2017-01-22,0.01,71.0
496,5244,USC00513117,2017-01-23,0.08,71.0
497,5245,USC00513117,2017-01-24,0.15,71.0
498,5246,USC00513117,2017-01-25,0.12,73.0
499,5247,USC00513117,2017-01-26,0.0,72.0
500,5248,USC00513117,2017-01-27,0.0,63.0
501,5249,USC00513117,2017-01-28,0.14,71.0
502,5250,USC00513117,2017-01-29,0.0,71.0
503,5251,USC00513117,2017-01-30,0.0,69.0
504,5252,USC00513117,2017-01-31,0.0,69.0
505,5253,USC00513117,2017-02-01,0.0,69.0
506,5254,USC00513117,2017-02-02,0.0,63.0
507,5255,USC00513117,2017-02-03,0.0,64.0
508,5256,USC00513117,2017-02-04,0.0,67.0
509,5257,USC00513117,2017-02-05,0.0,75.0
510,5258,USC00513117,2017-02-06,0.16,74.0
511,5259,USC00513117,2017-02-07,1.08,67.0
512,5260,USC00513117,2017-02-08,1.08,67.0
513,5261,USC00513117,2017-02-09,0.02,64.0
514,5262,USC00513117,2017-02-10,0.0,64.0
515,5263,USC00513117,2017-02-11,1.0,65.0
516,5264,USC00513117,2017-02-12,1.07,67.0
517,5265,USC00513117,2017-02-13,2.9,69.0
518,5266,USC00513117,2017-02-14,0.0,72.0
519,5267,USC00513117,2017-02-15,0.0,76.0
520,5268,USC00513117,2017-02-16,0.0,74.0
521,5269,USC00513117,2017-02-17,0.8,67.0
522,5270,USC00513117,2017-02-18,0.0,71.0
523,5271,USC00513117,2017-02-19,0.0,70.0
524,5272,USC00513117,2017-02-20,0.0,71.0
525,5273,USC00513117,2017-02-21,0.0,70.0
526,5274,USC00513117,2017-02-22,0.06,70.0
527,5275,USC00513117,2017-02-23,0.0,70.0
528,5276,USC00513117,2017-02-24,0.0,70.0
529,5277,USC00513117,2017-02-25,0.0,63.0
530,5278,USC00513117,2017-02-26,0.0,63.0
531,5279,USC00513117,2017-02-27,0.0,66.0
532,5280,USC00513117,2017-02-28,0.16,73.0
533,5281,USC00513117,2017-03-01,2.2,72.0
534,5282,USC00513117,2017-03-02,1.45,73.0
535,5283,USC00513117,2017-03-03,0.54,73.0
536,5284,USC00513117,2017-03-04,0.0,76.0
537,5285,USC00513117,2017-03-05,0.1,70.0
538,5286,USC00513117,2017-03-06,0.51,66.0
539,5287,USC00513117,2017-03-07,0.0,65.0
540,5288,USC00513117,2017-03-08,0.0,70.0
541,5289,USC00513117,2017-03-09,0.8,67.0
542,5290,USC00513117,2017-03-10,0.13,68.0
543,5291,USC00513117,2017-03-11,0.03,68.0
544,5292,USC00513117,2017-03-12,0.0,70.0
545,5293,USC00513117,2017-03-13,0.0,70.0
546,5294,USC00513117,2017-03-14,0.0,70.0
547,5295,USC00513117,2017-03-15,0.0,71.0
548,5296,USC00513117,2017-03-16,0.0,69.0
549,5297,USC00513117,2017-03-17,0.19,69.0
550,5298,USC00513117,2017-03-18,0.0,67.0
551,5299,USC00513117,2017-03-19,0.0,72.0
552,5300,USC00513117,2017-03-20,0.0,72.0
553,5301,USC00513117,2017-03-21,0.0,73.0
554,5302,USC00513117,2017-03-22,0.0,74.0
555,5303,USC00513117,2017-03-23,0.0,74.0
556,5304,USC00513117,2017-03-24,0.6,72.0
557,5305,USC00513117,2017-03-25,0.13,72.0
558,5306,USC00513117,2017-03-26,0.0,75.0
559,5307,USC00513117,2017-03-27,0.0,74.0
560,5308,USC00513117,2017-03-28,0.03,75.0
561,5309,USC00513117,2017-03-29,0.0,73.0
562,5310,USC00513117,2017-03-30,0.08,74.0
563,5311,USC00513117,2017-03-31,0.0,74.0
564,5312,USC00513117,2017-04-01,0.0,76.0
565,5313,USC00513117,2017-04-02,0.0,74.0
566,5314,USC00513117,2017-04-03,0.08,73.0
567,5315,USC00513117,2017-04-04,0.04,72.0
568,5316,USC00513117,2017-04-05,0.04,72.0
569,5317,USC00513117,2017-04-06,0.0,73.0
570,5318,USC00513117,2017-04-07,0.0,74.0
571,5319,USC00513117,2017-04-08,0.0,73.0
572,5320,USC00513117,2017-04-09,0.0,69.0
573,5321,USC00513117,2017-04-10,0.01,71.0
574,5322,USC00513117,2017-04-11,0.03,75.0
575,5323,USC00513117,2017-04-12,0.03,74.0
576,5324,USC00513117,2017-04-13,0.27,71.0
577,5325,USC00513117,2017-04-14,0.69,70.0
578,5326,USC00513117,2017-04-15,0.45,70.0
579,5327,USC00513117,2017-04-16,0.49,69.0
580,5328,USC00513117,2017-04-17,0.41,69.0
581,5329,USC00513117,2017-04-18,0.08,70.0
582,5330,USC00513117,2017-04-19,0.02,70.0
583,5331,USC00513117,2017-04-20,0.33,75.0
584,5332,USC00513117,2017-04-21,1.16,70.0
585,5333,USC00513117,2017-04-22,1.01,74.0
586,5334,USC00513117,2017-04-23,0.02,75.0
587,5335,USC00513117,2017-04-24,0.0,76.0
588,5336,USC00513117,2017-04-25,0.0,75.0
589,5337,USC00513117,2017-04-26,0.0,78.0
590,5338,USC00513117,2017-04-27,0.1,73.0
591,5339,USC00513117,2017-04-28,2.6,70.0
592,5340,USC00513117,2017-04-29,0.35,66.0
593,5341,USC00513117,2017-04-30,1.21,61.0
594,5342,USC00513117,2017-05-01,0.07,68.0
595,5343,USC00513117,2017-05-02,0.03,73.0
596,5344,USC00513117,2017-05-03,0.01,74.0
597,5345,USC00513117,2017-05-04,0.0,77.0
598,5346,USC00513117,2017-05-05,0.0,78.0
599,5347,USC00513117,2017-05-06,0.0,75.0
600,5348,USC00513117,2017-05-07,0.07,75.0
601,5349,USC00513117,2017-05-08,0.22,71.0
602,5350,USC00513117,2017-05-09,1.62,74.0
603,5351,USC00513117,2017-05-10,0.05,75.0
604,5352,USC00513117,2017-05-11,0.03,74.0
605,5353,USC00513117,2017-05-12,0.04,74.0
606,5354,USC00513117,2017-05-13,0.02,75.0
607,5355,USC00513117,2017-05-14,0.05,75.0
608,5356,USC00513117,2017-05-15,0.08,75.0
609,5357,USC00513117,2017-05-16,0.03,75.0
610,5358,USC00513117,2017-05-17,0.02,75.0
611,5359,USC00513117,2017-05-18,0.09,70.0
612,5360,USC00513117,2017-05-19,0.02,70.0
613,5361,USC00513117,2017-05-20,0.0,72.0
614,5362,USC00513117,2017-05-21,0.0,72.0
615,5363,USC00513117,2017-05-22,0.0,76.0
616,5364,USC00513117,2017-05-23,0.02,73.0
617,5365,USC00513117,2017-05-24,0.58,75.0
618,5366,USC00513117,2017-05-25,0.37,69.0
619,5367,USC00513117,2017-05-26,0.02,73.0
620,5368,USC00513117,2017-05-27,0.0,69.0
621,5369,USC00513117,2017-05-28,0.29,71.0
622,5370,USC00513117,2017-05-29,0.02,71.0
623,5371,USC00513117,2017-05-30,0.2,74.0
624,5372,USC00513117,2017-05-31,0.1,76.0
625,5373,USC00513117,2017-06-01,0.03,76.0
626,5374,USC00513117,2017-06-02,0.1,76.0
627,5375,USC00513117,2017-06-03,0.2,76.0
628,5376,USC00513117,2017-06-04,0.15,78.0
629,5377,USC00513117,2017-06-05,0.0,76.0
630,5378,USC00513117,2017-06-06,0.0,75.0
631,5379,USC00513117,2017-06-07,0.0,75.0
632,5380,USC00513117,2017-06-08,0.02,76.0
633,5381,USC00513117,2017-06-09,0.02,78.0
634,5382,USC00513117,2017-06-10,0.21,75.0
635,5383,USC00513117,2017-06-11,0.24,73.0
636,5384,USC00513117,2017-06-12,0.19,76.0
637,5385,USC00513117,2017-06-13,0.36,76.0
638,5386,USC00513117,2017-06-14,0.27,76.0
639,5387,USC00513117,2017-06-15,0.17,77.0
640,5388,USC00513117,2017-06-16,0.02,76.0
641,5389,USC00513117,2017-06-17,0.35,77.0
642,5390,USC00513117,2017-06-18,0.25,72.0
643,5391,USC00513117,2017-06-19,0.05,77.0
644,5392,USC00513117,2017-06-20,0.05,75.0
645,5393,USC00513117,2017-06-21,0.02,82.0
646,5394,USC00513117,2017-06-22,0.1,77.0
647,5395,USC00513117,2017-06-23,0.0,76.0
648,5396,USC00513117,2017-06-24,0.0,74.0
649,5397,USC00513117,2017-06-25,0.08,73.0
650,5398,USC00513117,2017-06-26,0.02,77.0
651,5399,USC00513117,2017-06-27,0.0,77.0
652,5400,USC00513117,2017-06-28,0.01,77.0
653,5401,USC00513117,2017-06-29,0.03,76.0
654,5402,USC00513117,2017-06-30,0.04,74.0
655,5403,USC00513117,2017-07-01,0.06,76.0
656,5404,USC00513117,2017-07-02,0.05,77.0
657,5405,USC00513117,2017-07-03,0.13,77.0
658,5406,USC00513117,2017-07-04,0.03,77.0
659,5407,USC00513117,2017-07-05,0.0,77.0
660,5408,USC00513117,2017-07-06,0.0,76.0
661,5409,USC00513117,2017-07-07,0.02,77.0
662,5410,USC00513117,2017-07-08,0.02,76.0
663,5411,USC00513117,2017-07-09,0.09,76.0
664,5412,USC00513117,2017-07-10,0.0,79.0
665,5413,USC00513117,2017-07-11,0.01,76.0
666,5414,USC00513117,2017-07-12,0.01,78.0
667,5415,USC00513117,2017-07-13,0.33,76.0
668,5416,USC00513117,2017-07-14,0.05,80.0
669,5417,USC00513117,2017-07-15,0.03,79.0
670,5418,USC00513117,2017-07-16,0.07,76.0
671,5419,USC00513117,2017-07-17,0.12,75.0
672,5420,USC00513117,2017-07-18,0.03,78.0
673,5421,USC00513117,2017-07-19,0.0,78.0
674,5422,USC00513117,2017-07-20,0.12,78.0
675,5423,USC00513117,2017-07-21,0.0,78.0
676,5424,USC00513117,2017-07-22,0.07,78.0
677,5425,USC00513117,2017-07-23,0.06,75.0
678,5426,USC00513117,2017-07-24,0.58,78.0
679,5427,USC00513117,2017-07-25,0.03,78.0
680,5428,USC00513117,2017-07-26,0.06,78.0
681,5429,USC00513117,2017-07-27,0.0,77.0
682,5430,USC00513117,2017-07-28,0.13,77.0
683,5431,USC00513117,2017-07-29,0.06,78.0
684,5432,USC00513117,2017-07-30,0.0,78.0
685,5433,USC00513117,2017-07-31,0.0,77.0
686,7339,USC00514830,2016-09-01,0.0,82.0
687,7340,USC00514830,2016-09-02,0.19,81.0
688,7341,USC00514830,2016-09-05,,82.0
689,7342,USC00514830,2016-09-06,0.04,80.0
690,7343,USC00514830,2016-09-07,0.23,80.0
691,7344,USC00514830,2016-09-08,0.01,81.0
692,7345,USC00514830,2016-09-09,0.29,77.0
693,7346,USC00514830,2016-09-12,,79.0
694,7347,USC00514830,2016-09-13,0.32,79.0
695,7348,USC00514830,2016-09-14,1.84,79.0
696,7349,USC00514830,2016-09-15,0.07,81.0
697,7350,USC00514830,2016-09-16,0.07,79.0
698,7351,USC00514830,2016-09-19,,79.0
699,7352,USC00514830,2016-09-20,0.25,80.0
700,7353,USC00514830,2016-09-21,0.02,80.0
701,7354,USC00514830,2016-09-22,0.17,78.0
702,7355,USC00514830,2016-09-23,0.15,81.0
703,7356,USC00514830,2016-09-24,0.0,82.0
704,7357,USC00514830,2016-09-25,0.0,82.0
705,7358,USC00514830,2016-09-26,0.02,80.0
706,7359,USC00514830,2016-09-27,0.0,79.0
707,7360,USC00514830,2016-09-28,0.0,80.0
708,7361,USC00514830,2016-09-29,0.2,79.0
709,7362,USC00514830,2016-09-30,0.06,80.0
710,7363,USC00514830,2016-10-01,0.08,80.0
711,7364,USC00514830,2016-10-02,0.03,80.0
712,7365,USC00514830,2016-10-03,0.03,80.0
713,7366,USC00514830,2016-10-04,0.0,81.0
714,7367,USC00514830,2016-10-05,0.0,80.0
715,7368,USC00514830,2016-10-06,0.0,80.0
716,7369,USC00514830,2016-10-07,0.0,79.0
717,7370,USC00514830,2016-10-10,,77.0
718,7371,USC00514830,2016-10-11,0.04,80.0
719,7372,USC00514830,2016-10-12,0.0,80.0
720,7373,USC00514830,2016-10-13,0.02,81.0
721,7374,USC00514830,2016-10-14,0.0,79.0
722,7375,USC00514830,2016-10-15,0.02,81.0
723,7376,USC00514830,2016-10-17,,78.0
724,7377,USC00514830,2016-10-18,0.03,80.0
725,7378,USC00514830,2016-10-19,0.0,79.0
726,7379,USC00514830,2016-10-20,0.01,77.0
727,7380,USC00514830,2016-10-21,0.03,78.0
728,7381,USC00514830,2016-10-23,,80.0
729,7382,USC00514830,2016-10-24,0.01,77.0
730,7383,USC00514830,2016-10-25,0.0,81.0
731,7384,USC00514830,2016-10-27,0.2,78.0
732,7385,USC00514830,2016-10-28,0.07,78.0
733,7386,USC00514830,2016-10-29,0.26,76.0
734,7387,USC00514830,2016-10-30,0.14,78.0
735,7388,USC00514830,2016-10-31,0.0,77.0
736,7389,USC00514830,2016-11-01,0.0,77.0
737,7390,USC00514830,2016-11-02,0.0,78.0
738,7391,USC00514830,2016-11-03,0.0,77.0
739,7392,USC00514830,2016-11-04,0.0,77.0
740,7393,USC00514830,2016-11-05,0.0,77.0
741,7394,USC00514830,2016-11-06,0.0,78.0
742,7395,USC00514830,2016-11-07,0.13,72.0
743,7396,USC00514830,2016-11-08,0.02,73.0
744,7397,USC00514830,2016-11-09,0.17,74.0
745,7398,USC00514830,2016-11-10,0.0,75.0
746,7399,USC00514830,2016-11-11,0.0,77.0
747,7400,USC00514830,2016-11-12,0.0,78.0
748,7401,USC00514830,2016-11-13,0.0,78.0
749,7402,USC00514830,2016-11-14,0.05,79.0
750,7403,USC00514830,2016-11-15,0.0,77.0
751,7404,USC00514830,2016-11-16,0.18,78.0
752,7405,USC00514830,2016-11-17,0.0,77.0
753,7406,USC00514830,2016-11-22,,76.0
754,7407,USC00514830,2016-11-25,,74.0
755,7408,USC00514830,2016-11-26,0.02,78.0
756,7409,USC00514830,2016-11-27,0.03,76.0
757,7410,USC00514830,2016-11-28,0.0,76.0
758,7411,USC00514830,2016-11-29,0.04,75.0
759,7412,USC00514830,2016-11-30,0.03,76.0
760,7413,USC00514830,2016-12-01,0.07,75.0
761,7414,USC00514830,2016-12-02,0.4,77.0
762,7415,USC00514830,2016-12-03,0.26,75.0
763,7416,USC00514830,2016-12-04,0.0,77.0
764,7417,USC00514830,2016-12-05,0.2,76.0
765,7418,USC00514830,2016-12-07,,76.0
766,7419,USC00514830,2016-12-08,0.02,75.0
767,7420,USC00514830,2016-12-09,0.26,72.0
768,7421,USC00514830,2016-12-10,0.0,76.0
769,7422,USC00514830,2016-12-12,,75.0
770,7423,USC00514830,2016-12-13,0.34,72.0
771,7424,USC00514830,2016-12-14,0.12,72.0
772,7425,USC00514830,2016-12-15,0.07,75.0
773,7426,USC00514830,2016-12-16,0.0,69.0
774,7427,USC00514830,2016-12-17,0.0,75.0
775,7428,USC00514830,2016-12-18,0.04,74.0
776,7429,USC00514830,2016-12-19,0.0,78.0
777,7430,USC00514830,2016-12-20,0.0,77.0
778,7431,USC00514830,2016-12-21,0.09,76.0
779,7432,USC00514830,2016-12-22,0.05,72.0
780,7433,USC00514830,2016-12-23,0.03,73.0
781,7434,USC00514830,2016-12-24,0.13,74.0
782,7435,USC00514830,2016-12-26,,74.0
783,7436,USC00514830,2016-12-27,0.02,74.0
784,7437,USC00514830,2016-12-28,0.01,73.0
785,7438,USC00514830,2016-12-29,0.56,73.0
786,7439,USC00514830,2016-12-30,0.29,71.0
787,7440,USC00514830,2016-12-31,0.36,72.0
788,7441,USC00514830,2017-01-01,0.0,74.0
789,7442,USC00514830,2017-01-02,0.01,74.0
790,7443,USC00514830,2017-01-03,0.0,70.0
791,7444,USC00514830,2017-01-04,0.0,71.0
792,7445,USC00514830,2017-01-05,0.0,72.0
793,7446,USC00514830,2017-01-06,0.59,71.0
794,7447,USC00514830,2017-01-07,0.0,71.0
795,7448,USC00514830,2017-01-08,0.03,74.0
796,7449,USC00514830,2017-01-09,0.0,72.0
797,7450,USC00514830,2017-01-10,0.0,72.0
798,7451,USC00514830,2017-01-11,0.0,76.0
799,7452,USC00514830,2017-01-13,,75.0
800,7453,USC00514830,2017-01-14,0.0,77.0
801,7454,USC00514830,2017-01-16,,76.0
802,7455,USC00514830,2017-01-17,0.0,75.0
803,7456,USC00514830,2017-01-18,0.0,75.0
804,7457,USC00514830,2017-01-19,0.0,77.0
805,7458,USC00514830,2017-01-20,0.0,74.0
806,7459,USC00514830,2017-01-21,0.02,73.0
807,7460,USC00514830,2017-01-23,,75.0
808,7461,USC00514830,2017-01-25,,73.0
809,7462,USC00514830,2017-01-26,0.01,74.0
810,7463,USC00514830,2017-01-27,0.0,74.0
811,7464,USC00514830,2017-01-28,0.0,76.0
812,7465,USC00514830,2017-01-30,,71.0
813,7466,USC00514830,2017-01-31,0.0,70.0
814,7467,USC00514830,2017-02-01,0.0,72.0
815,7468,USC00514830,2017-02-02,0.0,72.0
816,7469,USC00514830,2017-02-03,0.0,73.0
817,7470,USC00514830,2017-02-05,,80.0
818,7471,USC00514830,2017-02-06,0.04,77.0
819,7472,USC00514830,2017-02-07,0.9,76.0
820,7473,USC00514830,2017-02-08,0.0,67.0
821,7474,USC00514830,2017-02-09,0.0,71.0
822,7475,USC00514830,2017-02-10,0.0,73.0
823,7476,USC00514830,2017-02-11,2.39,69.0
824,7477,USC00514830,2017-02-12,1.91,76.0
825,7478,USC00514830,2017-02-13,0.0,80.0
826,7479,USC00514830,2017-02-14,0.0,79.0
827,7480,USC00514830,2017-02-15,0.0,76.0
828,7481,USC00514830,2017-02-16,0.62,73.0
829,7482,USC00514830,2017-02-17,0.06,77.0
830,7483,USC00514830,2017-02-20,,72.0
831,7484,USC00514830,2017-02-21,0.0,71.0
832,7485,USC00514830,2017-02-22,0.11,72.0
833,7486,USC00514830,2017-02-23,0.0,75.0
834,7487,USC00514830,2017-02-24,0.0,71.0
835,7488,USC00514830,2017-02-26,,75.0
836,7489,USC00514830,2017-02-27,0.0,71.0
837,7490,USC00514830,2017-02-28,0.04,73.0
838,7491,USC00514830,2017-03-01,1.12,71.0
839,7492,USC00514830,2017-03-03,,73.0
840,7493,USC00514830,2017-03-06,,74.0
841,7494,USC00514830,2017-03-07,0.0,74.0
842,7495,USC00514830,2017-03-08,0.0,74.0
843,7496,USC00514830,2017-03-09,0.5,69.0
844,7497,USC00514830,2017-03-10,0.13,75.0
845,7498,USC00514830,2017-03-12,,80.0
846,7499,USC00514830,2017-03-13,0.0,77.0
847,7500,USC00514830,2017-03-14,0.0,77.0
848,7501,USC00514830,2017-03-16,,77.0
849,7502,USC00514830,2017-03-17,0.06,72.0
850,7503,USC00514830,2017-03-18,0.0,76.0
851,7504,USC00514830,2017-03-20,,77.0
852,7505,USC00514830,2017-03-21,0.0,76.0
853,7506,USC00514830,2017-03-22,0.0,76.0
854,7507,USC00514830,2017-03-23,0.0,78.0
855,7508,USC00514830,2017-03-24,0.15,75.0
856,7509,USC00514830,2017-03-27,,78.0
857,7510,USC00514830,2017-03-28,0.0,78.0
858,7511,USC00514830,2017-03-29,0.03,77.0
859,7512,USC00514830,2017-03-30,0.03,78.0
860,7513,USC00514830,2017-03-31,0.0,77.0
861,7514,USC00514830,2017-04-01,0.0,78.0
862,7515,USC00514830,2017-04-02,0.0,77.0
863,7516,USC00514830,2017-04-03,0.09,77.0
864,7517,USC00514830,2017-04-04,0.0,76.0
865,7518,USC00514830,2017-04-05,0.07,77.0
866,7519,USC00514830,2017-04-06,0.0,76.0
867,7520,USC00514830,2017-04-07,0.0,76.0
868,7521,USC00514830,2017-04-09,,77.0
869,7522,USC00514830,2017-04-10,0.0,79.0
870,7523,USC00514830,2017-04-11,0.16,77.0
871,7524,USC00514830,2017-04-12,0.29,77.0
872,7525,USC00514830,2017-04-13,0.0,77.0
873,7526,USC00514830,2017-04-14,0.29,77.0
874,7527,USC00514830,2017-04-17,,69.0
875,7528,USC00514830,2017-04-18,0.12,76.0
876,7529,USC00514830,2017-04-19,0.0,83.0
877,7530,USC00514830,2017-04-20,0.0,74.0
878,7531,USC00514830,2017-04-21,1.05,70.0
879,7532,USC00514830,2017-04-22,0.7,74.0
880,7533,USC00514830,2017-04-24,,79.0
881,7534,USC00514830,2017-04-25,0.0,77.0
882,7535,USC00514830,2017-04-26,0.14,78.0
883,7536,USC00514830,2017-04-27,0.02,78.0
884,7537,USC00514830,2017-04-28,0.09,77.0
885,7538,USC00514830,2017-04-29,0.95,71.0
886,7539,USC00514830,2017-04-30,1.17,63.0
887,7540,USC00514830,2017-05-01,0.03,78.0
888,7541,USC00514830,2017-05-02,0.01,76.0
889,7542,USC00514830,2017-05-03,0.01,78.0
890,7543,USC00514830,2017-05-04,0.08,77.0
891,7544,USC00514830,2017-05-05,0.28,78.0
892,7545,USC00514830,2017-05-06,0.06,78.0
893,7546,USC00514830,2017-05-08,0.95,73.0
894,7547,USC00514830,2017-05-09,0.52,79.0
895,7548,USC00514830,2017-05-10,0.0,76.0
896,7549,USC00514830,2017-05-12,,78.0
897,7550,USC00514830,2017-05-15,,77.0
898,7551,USC00514830,2017-05-16,0.05,77.0
899,7552,USC00514830,2017-05-17,0.0,78.0
900,7553,USC00514830,2017-05-18,0.16,78.0
901,7554,USC00514830,2017-05-19,0.01,79.0
902,7555,USC00514830,2017-05-20,0.01,79.0
903,7556,USC00514830,2017-05-22,,79.0
904,7557,USC00514830,2017-05-23,0.11,78.0
905,7558,USC00514830,2017-05-24,0.1,76.0
906,7559,USC00514830,2017-05-25,0.07,79.0
907,7560,USC00514830,2017-05-26,0.0,79.0
908,7561,USC00514830,2017-05-27,0.0,79.0
909,7562,USC00514830,2017-05-28,0.02,77.0
910,7563,USC00514830,2017-05-29,0.0,79.0
911,7564,USC00514830,2017-05-30,0.04,81.0
912,7565,USC00514830,2017-05-31,0.0,81.0
913,7566,USC00514830,2017-06-01,0.0,81.0
914,7567,USC00514830,2017-06-02,0.15,78.0
915,7568,USC00514830,2017-06-03,0.16,80.0
916,7569,USC00514830,2017-06-04,0.05,79.0
917,7570,USC00514830,2017-06-05,0.02,81.0
918,7571,USC00514830,2017-06-06,0.0,80.0
919,7572,USC00514830,2017-06-07,0.0,81.0
920,7573,USC00514830,2017-06-08,0.01,79.0
921,7574,USC00514830,2017-06-09,0.0,81.0
922,7575,USC00514830,2017-06-10,0.53,78.0
923,7576,USC00514830,2017-06-11,0.14,79.0
924,7577,USC00514830,2017-06-12,0.35,79.0
925,7578,USC00514830,2017-06-13,0.1,75.0
926,7579,USC00514830,2017-06-14,0.21,79.0
927,7580,USC00514830,2017-06-15,0.3,78.0
928,7581,USC00514830,2017-06-16,0.02,80.0
929,7582,USC00514830,2017-06-17,0.02,78.0
930,7583,USC00514830,2017-06-18,0.18,77.0
931,7584,USC00514830,2017-06-19,0.19,78.0
932,7585,USC00514830,2017-06-20,0.17,79.0
933,7586,USC00514830,2017-06-23,,76.0
934,7587,USC00514830,2017-06-26,,80.0
935,7588,USC00514830,2017-06-29,,76.0
936,7589,USC00514830,2017-06-30,0.0,81.0
937,7590,USC00514830,2017-07-03,,81.0
938,7591,USC00514830,2017-07-05,,81.0
939,7592,USC00514830,2017-07-07,,77.0
940,7593,USC00514830,2017-07-08,0.06,81.0
941,7594,USC00514830,2017-07-09,0.0,82.0
942,7595,USC00514830,2017-07-10,0.0,80.0
943,7596,USC00514830,2017-07-11,0.0,79.0
944,7597,USC00514830,2017-07-12,0.02,81.0
945,7598,USC00514830,2017-07-13,0.3,81.0
946,7599,USC00514830,2017-07-14,0.0,80.0
947,7600,USC00514830,2017-07-15,0.01,82.0
948,7601,USC00514830,2017-07-16,0.12,79.0
949,7602,USC00514830,2017-07-17,0.16,82.0
950,7603,USC00514830,2017-07-18,0.0,82.0
951,7604,USC00514830,2017-07-19,0.09,80.0
952,7605,USC00514830,2017-07-20,0.0,79.0
953,7606,USC00514830,2017-07-21,0.0,79.0
954,7607,USC00514830,2017-07-22,0.12,80.0
955,7608,USC00514830,2017-07-23,0.07,82.0
956,7609,USC00514830,2017-07-24,1.19,79.0
957,7610,USC00514830,2017-07-25,0.12,80.0
958,7611,USC00514830,2017-07-26,0.02,79.0
959,7612,USC00514830,2017-07-27,0.0,80.0
960,7613,USC00514830,2017-07-28,0.14,81.0
961,7614,USC00514830,2017-07-29,0.02,82.0
962,7615,USC00514830,2017-07-31,,81.0
963,7616,USC00514830,2017-08-01,0.12,74.0
964,7617,USC00514830,2017-08-02,0.05,80.0
965,7618,USC00514830,2017-08-03,0.01,81.0
966,7619,USC00514830,2017-08-04,0.04,81.0
967,7620,USC00514830,2017-08-06,0.0,82.0
968,7621,USC00514830,2017-08-07,0.0,81.0
969,7622,USC00514830,2017-08-08,0.1,78.0
970,7623,USC00514830,2017-08-09,0.0,81.0
971,7624,USC00514830,2017-08-10,0.0,81.0
972,7625,USC00514830,2017-08-11,0.0,81.0
973,7626,USC00514830,2017-08-13,,81.0
974,7627,USC00514830,2017-08-14,0.01,81.0
975,7628,USC00514830,2017-08-15,0.0,82.0
976,7629,USC00514830,2017-08-16,0.0,82.0
977,7630,USC00514830,2017-08-17,0.0,78.0
978,7631,USC00514830,2017-08-18,0.0,77.0
979,7632,USC00514830,2017-08-19,0.0,80.0
980,7633,USC00514830,2017-08-20,0.01,80.0
981,7634,USC00514830,2017-08-21,0.02,79.0
982,7635,USC00514830,2017-08-23,0.0,82.0
983,8832,USC00517948,2016-09-01,,82.0
984,8833,USC00517948,2016-09-02,,81.0
985,8834,USC00517948,2016-09-08,,80.0
986,8835,USC00517948,2016-09-09,,79.0
987,8836,USC00517948,2016-09-12,,79.0
988,8837,USC00517948,2016-09-13,,79.0
989,8838,USC00517948,2016-09-14,,76.0
990,8839,USC00517948,2016-09-15,,76.0
991,8840,USC00517948,2016-09-16,0.0,79.0
992,8841,USC00517948,2016-09-19,,79.0
993,8842,USC00517948,2016-09-20,0.0,73.0
994,8843,USC00517948,2016-09-22,0.06,76.0
995,8844,USC00517948,2016-09-23,0.0,80.0
996,8845,USC00517948,2016-09-26,,78.0
997,8846,USC00517948,2016-09-28,0.0,79.0
998,8847,USC00517948,2016-09-29,0.04,80.0
999,8848,USC00517948,2016-09-30,,80.0
1000,8849,USC00517948,2016-10-03,,79.0
1001,8850,USC00517948,2016-10-04,,77.0
1002,8851,USC00517948,2016-10-05,,80.0
1003,8852,USC00517948,2016-10-06,0.07,79.0
1004,8853,USC00517948,2016-10-07,,78.0
1005,8854,USC00517948,2016-10-11,,79.0
1006,8855,USC00517948,2016-10-13,,80.0
1007,8856,USC00517948,2016-10-17,,80.0
1008,8857,USC00517948,2016-10-18,,80.0
1009,8858,USC00517948,2016-10-19,,80.0
1010,8859,USC00517948,2016-10-20,,78.0
1011,8860,USC00517948,2016-10-21,,76.0
1012,8861,USC00517948,2016-10-24,,76.0
1013,8862,USC00517948,2016-10-25,0.4,77.0
1014,8863,USC00517948,2016-10-26,0.2,73.0
1015,8864,USC00517948,2016-10-27,,77.0
1016,8865,USC00517948,2016-10-28,,76.0
1017,8866,USC00517948,2016-10-31,,75.0
1018,8867,USC00517948,2016-11-04,,77.0
1019,8868,USC00517948,2016-11-07,,75.0
1020,8869,USC00517948,2016-11-09,0.0,76.0
1021,8870,USC00517948,2016-11-14,0.02,79.0
1022,8871,USC00517948,2016-11-15,,77.0
1023,8872,USC00517948,2016-11-16,,77.0
1024,8873,USC00517948,2016-11-17,,77.0
1025,8874,USC00517948,2016-11-18,,75.0
1026,8875,USC00517948,2016-11-21,,73.0
1027,8876,USC00517948,2016-11-22,,76.0
1028,8877,USC00517948,2016-11-23,,77.0
1029,8878,USC00517948,2016-11-28,,76.0
1030,8879,USC00517948,2016-11-29,,74.0
1031,8880,USC00517948,2016-11-30,,75.0
1032,8881,USC00517948,2016-12-01,,72.0
1033,8882,USC00517948,2016-12-02,,70.0
1034,8883,USC00517948,2016-12-05,,68.0
1035,8884,USC00517948,2016-12-06,,74.0
1036,8885,USC00517948,2016-12-07,,71.0
1037,8886,USC00517948,2016-12-08,0.27,70.0
1038,8887,USC00517948,2016-12-09,,70.0
1039,8888,USC00517948,2016-12-12,0.02,70.0
1040,8889,USC00517948,2016-12-13,,68.0
1041,8890,USC00517948,2016-12-14,,68.0
1042,8891,USC00517948,2016-12-15,,68.0
1043,8892,USC00517948,2016-12-16,,66.0
1044,8893,USC00517948,2016-12-19,,71.0
1045,8894,USC00517948,2016-12-20,,76.0
1046,8895,USC00517948,2016-12-21,0.06,73.0
1047,8896,USC00517948,2016-12-22,,70.0
1048,8897,USC00517948,2016-12-23,,68.0
1049,8898,USC00517948,2016-12-28,,71.0
1050,8899,USC00517948,2016-12-29,,71.0
1051,8900,USC00517948,2016-12-30,,68.0
1052,8901,USC00517948,2017-01-09,,65.0
1053,8902,USC00517948,2017-01-10,,65.0
1054,8903,USC00517948,2017-01-11,,67.0
1055,8904,USC00517948,2017-01-12,,67.0
1056,8905,USC00517948,2017-01-13,,68.0
1057,8906,USC00517948,2017-01-17,0.0,70.0
1058,8907,USC00517948,2017-01-18,0.0,73.0
1059,8908,USC00517948,2017-01-19,,66.0
1060,8909,USC00517948,2017-01-20,,70.0
1061,8910,USC00517948,2017-01-23,,77.0
1062,8911,USC00517948,2017-01-24,,69.0
1063,8912,USC00517948,2017-01-25,,69.0
1064,8913,USC00517948,2017-01-26,0.0,70.0
1065,8914,USC00517948,2017-01-27,0.0,65.0
1066,8915,USC00517948,2017-01-30,0.05,68.0
1067,8916,USC00517948,2017-01-31,0.0,68.0
1068,8917,USC00517948,2017-02-01,0.0,62.0
1069,8918,USC00517948,2017-02-02,0.0,70.0
1070,8919,USC00517948,2017-02-03,0.0,72.0
1071,8920,USC00517948,2017-02-06,,76.0
1072,8921,USC00517948,2017-02-07,0.0,67.0
1073,8922,USC00517948,2017-02-08,0.0,64.0
1074,8923,USC00517948,2017-02-09,0.0,64.0
1075,8924,USC00517948,2017-02-10,0.0,64.0
1076,8925,USC00517948,2017-02-13,,77.0
1077,8926,USC00517948,2017-02-14,0.0,76.0
1078,8927,USC00517948,2017-02-15,,73.0
1079,8928,USC00517948,2017-02-16,,70.0
1080,8929,USC00517948,2017-02-17,0.0,69.0
1081,8930,USC00517948,2017-02-21,,71.0
1082,8931,USC00517948,2017-02-22,0.17,72.0
1083,8932,USC00517948,2017-02-23,0.0,72.0
1084,8933,USC00517948,2017-02-24,0.0,68.0
1085,8934,USC00517948,2017-02-27,,69.0
1086,8935,USC00517948,2017-02-28,,72.0
1087,8936,USC00517948,2017-03-01,2.4,66.0
1088,8937,USC00517948,2017-03-02,0.44,73.0
1089,8938,USC00517948,2017-03-03,0.14,70.0
1090,8939,USC00517948,2017-03-06,,67.0
1091,8940,USC00517948,2017-03-07,,67.0
1092,8941,USC00517948,2017-03-08,,67.0
1093,8942,USC00517948,2017-03-09,0.0,68.0
1094,8943,USC00517948,2017-03-10,0.0,68.0
1095,8944,USC00517948,2017-03-13,,69.0
1096,8945,USC00517948,2017-03-14,0.06,73.0
1097,8946,USC00517948,2017-03-15,0.0,75.0
1098,8947,USC00517948,2017-03-16,,71.0
1099,8948,USC00517948,2017-03-17,,72.0
1100,8949,USC00517948,2017-03-28,,73.0
1101,8950,USC00517948,2017-03-29,,74.0
1102,8951,USC00517948,2017-03-30,,77.0
1103,8952,USC00517948,2017-03-31,0.0,78.0
1104,8953,USC00517948,2017-04-03,,75.0
1105,8954,USC00517948,2017-04-04,0.0,75.0
1106,8955,USC00517948,2017-04-05,0.0,73.0
1107,8956,USC00517948,2017-04-06,0.0,73.0
1108,8957,USC00517948,2017-04-07,0.0,76.0
1109,8958,USC00517948,2017-04-10,,75.0
1110,8959,USC00517948,2017-04-11,,76.0
1111,8960,USC00517948,2017-04-12,,74.0
1112,8961,USC00517948,2017-04-13,,76.0
1113,8962,USC00517948,2017-04-17,,72.0
1114,8963,USC00517948,2017-04-18,0.0,75.0
1115,8964,USC00517948,2017-04-19,,76.0
1116,8965,USC00517948,2017-04-20,,75.0
1117,8966,USC00517948,2017-04-21,,74.0
1118,8967,USC00517948,2017-04-24,,78.0
1119,8968,USC00517948,2017-04-25,,78.0
1120,8969,USC00517948,2017-04-27,,78.0
1121,8970,USC00517948,2017-04-28,,76.0
1122,8971,USC00517948,2017-06-02,,79.0
1123,8972,USC00517948,2017-06-05,,78.0
1124,8973,USC00517948,2017-06-06,,80.0
1125,8974,USC00517948,2017-06-07,,80.0
1126,8975,USC00517948,2017-06-08,,78.0
1127,8976,USC00517948,2017-06-09,,80.0
1128,8977,USC00517948,2017-06-13,,81.0
1129,8978,USC00517948,2017-06-14,,78.0
1130,8979,USC00517948,2017-06-15,,77.0
1131,8980,USC00517948,2017-06-16,,78.0
1132,8981,USC00517948,2017-06-19,,78.0
1133,8982,USC00517948,2017-06-20,,77.0
1134,8983,USC00517948,2017-06-21,,76.0
1135,8984,USC00517948,2017-06-22,0.0,81.0
1136,8985,USC00517948,2017-06-23,0.0,76.0
1137,8986,USC00517948,2017-06-26,,82.0
1138,8987,USC00517948,2017-06-27,0.0,80.0
1139,8988,USC00517948,2017-06-28,0.0,80.0
1140,8989,USC00517948,2017-06-29,0.0,79.0
1141,8990,USC00517948,2017-06-30,0.12,74.0
1142,8991,USC00517948,2017-07-03,,87.0
1143,8992,USC00517948,2017-07-05,,80.0
1144,8993,USC00517948,2017-07-06,,79.0
1145,8994,USC00517948,2017-07-07,,79.0
1146,8995,USC00517948,2017-07-10,,78.0
1147,8996,USC00517948,2017-07-11,,81.0
1148,8997,USC00517948,2017-07-12,,80.0
1149,8998,USC00517948,2017-07-13,,81.0
1150,8999,USC00517948,2017-07-18,0.0,78.0
1151,9000,USC00517948,2017-07-19,0.0,81.0
1152,9001,USC00517948,2017-07-20,0.0,80.0
1153,9002,USC00517948,2017-07-21,0.0,81.0
1154,9003,USC00517948,2017-07-25,0.0,81.0
1155,9004,USC00517948,2017-07-26,,78.0
1156,9005,USC00517948,2017-07-27,,79.0
1157,9006,USC00517948,2017-07-28,0.01,80.0
1158,9007,USC00517948,2017-07-31,,81.0
1159,11860,USC00519523,2016-09-02,,81.0
1160,11861,USC00519523,2016-09-03,0.08,78.0
1161,11862,USC00519523,2016-09-04,0.74,84.0
1162,11863,USC00519523,2016-09-05,0.02,84.0
1163,11864,USC00519523,2016-09-06,0.03,78.0
1164,11865,USC00519523,2016-09-07,0.11,76.0
1165,11866,USC00519523,2016-09-08,0.01,79.0
1166,11867,USC00519523,2016-09-09,0.23,77.0
1167,11868,USC00519523,2016-09-10,0.14,78.0
1168,11869,USC00519523,2016-09-11,0.12,83.0
1169,11870,USC00519523,2016-09-12,0.15,78.0
1170,11871,USC00519523,2016-09-13,0.46,77.0
1171,11872,USC00519523,2016-09-14,1.19,77.0
1172,11873,USC00519523,2016-09-15,0.17,79.0
1173,11874,USC00519523,2016-09-16,0.01,78.0
1174,11875,USC00519523,2016-09-17,0.0,81.0
1175,11876,USC00519523,2016-09-18,0.04,81.0
1176,11877,USC00519523,2016-09-19,0.05,78.0
1177,11878,USC00519523,2016-09-20,0.04,77.0
1178,11879,USC00519523,2016-09-21,0.0,79.0
1179,11880,USC00519523,2016-09-22,0.01,79.0
1180,11881,USC00519523,2016-09-23,0.0,80.0
1181,11882,USC00519523,2016-09-24,0.0,83.0
1182,11883,USC00519523,2016-09-25,0.0,82.0
1183,11884,USC00519523,2016-09-26,0.34,78.0
1184,11885,USC00519523,2016-09-27,0.05,78.0
1185,11886,USC00519523,2016-09-28,0.0,78.0
1186,11887,USC00519523,2016-09-29,0.18,82.0
1187,11888,USC00519523,2016-09-30,0.15,78.0
1188,11889,USC00519523,2016-10-01,0.07,79.0
1189,11890,USC00519523,2016-10-02,0.0,81.0
1190,11891,USC00519523,2016-10-03,0.0,79.0
1191,11892,USC00519523,2016-10-04,0.0,80.0
1192,11893,USC00519523,2016-10-05,0.0,80.0
1193,11894,USC00519523,2016-10-06,0.0,80.0
1194,11895,USC00519523,2016-10-07,0.0,79.0
1195,11896,USC00519523,2016-10-08,0.0,82.0
1196,11897,USC00519523,2016-10-09,0.0,80.0
1197,11898,USC00519523,2016-10-10,0.0,78.0
1198,11899,USC00519523,2016-10-11,0.0,81.0
1199,11900,USC00519523,2016-10-12,0.0,81.0
1200,11901,USC00519523,2016-10-13,0.0,79.0
1201,11902,USC00519523,2016-10-14,0.0,80.0
1202,11903,USC00519523,2016-10-15,0.0,79.0
1203,11904,USC00519523,2016-10-16,0.0,81.0
1204,11905,USC00519523,2016-10-17,0.12,80.0
1205,11906,USC00519523,2016-10-18,0.02,80.0
1206,11907,USC00519523,2016-10-19,0.0,78.0
1207,11908,USC00519523,2016-10-21,,79.0
1208,11909,USC00519523,2016-10-22,0.0,80.0
1209,11910,USC00519523,2016-10-23,0.0,81.0
1210,11911,USC00519523,2016-10-24,0.0,75.0
1211,11912,USC00519523,2016-10-25,0.12,77.0
1212,11913,USC00519523,2016-10-26,0.02,78.0
1213,11914,USC00519523,2016-10-27,0.08,78.0
1214,11915,USC00519523,2016-10-28,0.06,78.0
1215,11916,USC00519523,2016-10-29,0.01,78.0
1216,11917,USC00519523,2016-10-30,0.0,79.0
1217,11918,USC00519523,2016-10-31,0.13,78.0
1218,11919,USC00519523,2016-11-01,0.01,79.0
1219,11920,USC00519523,2016-11-02,0.0,76.0
1220,11921,USC00519523,2016-11-03,0.0,77.0
1221,11922,USC00519523,2016-11-04,0.0,76.0
1222,11923,USC00519523,2016-11-05,0.02,78.0
1223,11924,USC00519523,2016-11-06,0.0,78.0
1224,11925,USC00519523,2016-11-07,0.0,76.0
1225,11926,USC00519523,2016-11-08,0.15,77.0
1226,11927,USC00519523,2016-11-09,0.0,75.0
1227,11928,USC00519523,2016-11-10,0.0,72.0
1228,11929,USC00519523,2016-11-11,0.0,73.0
1229,11930,USC00519523,2016-11-12,0.0,79.0
1230,11931,USC00519523,2016-11-13,0.0,79.0
1231,11932,USC00519523,2016-11-14,0.0,78.0
1232,11933,USC00519523,2016-11-15,0.0,77.0
1233,11934,USC00519523,2016-11-16,0.07,77.0
1234,11935,USC00519523,2016-11-17,0.0,77.0
1235,11936,USC00519523,2016-11-18,0.02,77.0
1236,11937,USC00519523,2016-11-19,0.13,76.0
1237,11938,USC00519523,2016-11-20,0.4,80.0
1238,11939,USC00519523,2016-11-21,0.07,75.0
1239,11940,USC00519523,2016-11-22,0.31,76.0
1240,11941,USC00519523,2016-11-23,0.03,75.0
1241,11942,USC00519523,2016-11-24,0.21,75.0
1242,11943,USC00519523,2016-11-25,0.11,76.0
1243,11944,USC00519523,2016-11-26,0.03,78.0
1244,11945,USC00519523,2016-11-27,0.0,78.0
1245,11946,USC00519523,2016-11-28,0.0,77.0
1246,11947,USC00519523,2016-11-29,0.06,76.0
1247,11948,USC00519523,2016-11-30,0.0,76.0
1248,11949,USC00519523,2016-12-01,0.16,76.0
1249,11950,USC00519523,2016-12-02,0.01,75.0
1250,11951,USC00519523,2016-12-03,0.02,75.0
1251,11952,USC00519523,2016-12-04,0.32,75.0
1252,11953,USC00519523,2016-12-05,0.45,70.0
1253,11954,USC00519523,2016-12-06,0.0,70.0
1254,11955,USC00519523,2016-12-07,0.07,74.0
1255,11956,USC00519523,2016-12-08,0.01,73.0
1256,11957,USC00519523,2016-12-10,,72.0
1257,11958,USC00519523,2016-12-11,0.06,78.0
1258,11959,USC00519523,2016-12-12,0.0,67.0
1259,11960,USC00519523,2016-12-13,0.15,69.0
1260,11961,USC00519523,2016-12-14,0.05,71.0
1261,11962,USC00519523,2016-12-15,0.0,74.0
1262,11963,USC00519523,2016-12-16,0.0,63.0
1263,11964,USC00519523,2016-12-17,0.16,76.0
1264,11965,USC00519523,2016-12-18,0.27,76.0
1265,11966,USC00519523,2016-12-19,0.02,71.0
1266,11967,USC00519523,2016-12-20,0.01,76.0
1267,11968,USC00519523,2016-12-21,0.06,77.0
1268,11969,USC00519523,2016-12-22,0.14,73.0
1269,11970,USC00519523,2016-12-23,0.02,71.0
1270,11971,USC00519523,2016-12-24,0.06,78.0
1271,11972,USC00519523,2016-12-25,0.0,78.0
1272,11973,USC00519523,2016-12-26,0.06,75.0
1273,11974,USC00519523,2016-12-27,0.0,75.0
1274,11975,USC00519523,2016-12-28,0.06,72.0
1275,11976,USC00519523,2016-12-29,0.05,77.0
1276,11977,USC00519523,2016-12-30,0.07,72.0
1277,11978,USC00519523,2017-01-01,,74.0
1278,11979,USC00519523,2017-01-03,,73.0
1279,11980,USC00519523,2017-01-04,0.18,73.0
1280,11981,USC00519523,2017-01-05,0.42,71.0
1281,11982,USC00519523,2017-01-06,0.01,74.0
1282,11983,USC00519523,2017-01-07,0.0,72.0
1283,11984,USC00519523,2017-01-08,0.0,74.0
1284,11985,USC00519523,2017-01-09,0.0,77.0
1285,11986,USC00519523,2017-01-10,0.0,75.0
1286,11987,USC00519523,2017-01-12,,81.0
1287,11988,USC00519523,2017-01-15,,78.0
1288,11989,USC00519523,2017-01-16,0.0,80.0
1289,11990,USC00519523,2017-01-18,,75.0
1290,11991,USC00519523,2017-01-19,0.0,78.0
1291,11992,USC00519523,2017-01-20,0.0,73.0
1292,11993,USC00519523,2017-01-21,0.11,74.0
1293,11994,USC00519523,2017-01-22,0.04,74.0
1294,11995,USC00519523,2017-01-23,0.0,74.0
1295,11996,USC00519523,2017-01-24,0.08,74.0
1296,11997,USC00519523,2017-01-25,0.0,72.0
1297,11998,USC00519523,2017-01-26,0.0,74.0
1298,11999,USC00519523,2017-01-27,0.0,74.0
1299,12000,USC00519523,2017-01-29,,73.0
1300,12001,USC00519523,2017-01-30,0.0,70.0
1301,12002,USC00519523,2017-01-31,0.0,70.0
1302,12003,USC00519523,2017-02-01,0.0,70.0
1303,12004,USC00519523,2017-02-02,0.0,64.0
1304,12005,USC00519523,2017-02-03,0.0,62.0
1305,12006,USC00519523,2017-02-04,0.0,76.0
1306,12007,USC00519523,2017-02-05,0.0,77.0
1307,12008,USC00519523,2017-02-06,0.0,76.0
1308,12009,USC00519523,2017-02-07,1.8,72.0
1309,12010,USC00519523,2017-02-08,0.0,74.0
1310,12011,USC00519523,2017-02-09,0.0,60.0
1311,12012,USC00519523,2017-02-10,0.0,74.0
1312,12013,USC00519523,2017-02-11,5.04,70.0
1313,12014,USC00519523,2017-02-12,0.07,73.0
1314,12015,USC00519523,2017-02-13,0.0,78.0
1315,12016,USC00519523,2017-02-15,,76.0
1316,12017,USC00519523,2017-02-16,0.67,72.0
1317,12018,USC00519523,2017-02-17,0.06,75.0
1318,12019,USC00519523,2017-02-18,0.01,67.0
1319,12020,USC00519523,2017-02-20,,71.0
1320,12021,USC00519523,2017-02-22,0.13,72.0
1321,12022,USC00519523,2017-02-23,0.0,73.0
1322,12023,USC00519523,2017-02-24,0.0,70.0
1323,12024,USC00519523,2017-02-26,,67.0
1324,12025,USC00519523,2017-02-27,0.0,77.0
1325,12026,USC00519523,2017-02-28,0.0,73.0
1326,12027,USC00519523,2017-03-01,0.59,73.0
1327,12028,USC00519523,2017-03-02,1.48,75.0
1328,12029,USC00519523,2017-03-03,0.25,74.0
1329,12030,USC00519523,2017-03-04,0.0,77.0
1330,12031,USC00519523,2017-03-06,,69.0
1331,12032,USC00519523,2017-03-09,,70.0
1332,12033,USC00519523,2017-03-10,0.0,69.0
1333,12034,USC00519523,2017-03-11,0.0,81.0
1334,12035,USC00519523,2017-03-12,0.0,74.0
1335,12036,USC00519523,2017-03-13,0.0,69.0
1336,12037,USC00519523,2017-03-14,0.0,74.0
1337,12038,USC00519523,2017-03-15,0.0,71.0
1338,12039,USC00519523,2017-03-16,0.0,69.0
1339,12040,USC00519523,2017-03-17,0.35,70.0
1340,12041,USC00519523,2017-03-18,0.0,74.0
1341,12042,USC00519523,2017-03-19,0.0,74.0
1342,12043,USC00519523,2017-03-20,0.0,75.0
1343,12044,USC00519523,2017-03-21,0.0,75.0
1344,12045,USC00519523,2017-03-22,0.0,75.0
1345,12046,USC00519523,2017-03-23,0.02,75.0
1346,12047,USC00519523,2017-03-24,0.07,76.0
1347,12048,USC00519523,2017-03-25,0.43,75.0
1348,12049,USC00519523,2017-03-26,0.0,80.0
1349,12050,USC00519523,2017-03-27,0.0,76.0
1350,12051,USC00519523,2017-03-28,0.0,76.0
1351,12052,USC00519523,2017-03-29,0.08,74.0
1352,12053,USC00519523,2017-03-30,0.0,78.0
1353,12054,USC00519523,2017-03-31,0.0,75.0
1354,12055,USC00519523,2017-04-01,0.0,80.0
1355,12056,USC00519523,2017-04-02,0.0,79.0
1356,12057,USC00519523,2017-04-03,0.0,76.0
1357,12058,USC00519523,2017-04-04,0.0,78.0
1358,12059,USC00519523,2017-04-05,0.0,77.0
1359,12060,USC00519523,2017-04-06,0.0,76.0
1360,12061,USC00519523,2017-04-07,0.0,78.0
1361,12062,USC00519523,2017-04-09,,74.0
1362,12063,USC00519523,2017-04-10,0.0,75.0
1363,12064,USC00519523,2017-04-11,0.0,82.0
1364,12065,USC00519523,2017-04-12,0.0,80.0
1365,12066,USC00519523,2017-04-13,0.0,79.0
1366,12067,USC00519523,2017-04-14,0.36,75.0
1367,12068,USC00519523,2017-04-15,0.0,79.0
1368,12069,USC00519523,2017-04-16,0.0,74.0
1369,12070,USC00519523,2017-04-17,0.3,71.0
1370,12071,USC00519523,2017-04-18,0.15,76.0
1371,12072,USC00519523,2017-04-19,0.0,74.0
1372,12073,USC00519523,2017-04-20,0.35,76.0
1373,12074,USC00519523,2017-04-21,2.36,70.0
1374,12075,USC00519523,2017-04-24,,80.0
1375,12076,USC00519523,2017-04-25,0.0,76.0
1376,12077,USC00519523,2017-04-26,0.01,81.0
1377,12078,USC00519523,2017-04-27,0.0,76.0
1378,12079,USC00519523,2017-04-28,0.0,76.0
1379,12080,USC00519523,2017-04-29,6.25,70.0
1380,12081,USC00519523,2017-04-30,1.31,64.0
1381,12082,USC00519523,2017-05-01,0.07,73.0
1382,12083,USC00519523,2017-05-02,0.0,78.0
1383,12084,USC00519523,2017-05-03,0.0,78.0
1384,12085,USC00519523,2017-05-04,0.0,77.0
1385,12086,USC00519523,2017-05-05,0.0,79.0
1386,12087,USC00519523,2017-05-06,0.0,80.0
1387,12088,USC00519523,2017-05-07,0.0,78.0
1388,12089,USC00519523,2017-05-08,0.0,80.0
1389,12090,USC00519523,2017-05-09,0.68,75.0
1390,12091,USC00519523,2017-05-10,0.06,76.0
1391,12092,USC00519523,2017-05-11,0.0,78.0
1392,12093,USC00519523,2017-05-12,0.0,77.0
1393,12094,USC00519523,2017-05-13,0.0,76.0
1394,12095,USC00519523,2017-05-14,0.0,78.0
1395,12096,USC00519523,2017-05-15,0.06,77.0
1396,12097,USC00519523,2017-05-16,0.0,76.0
1397,12098,USC00519523,2017-05-17,0.0,77.0
1398,12099,USC00519523,2017-05-18,0.46,71.0
1399,12100,USC00519523,2017-05-20,,79.0
1400,12101,USC00519523,2017-05-21,0.0,80.0
1401,12102,USC00519523,2017-05-22,0.0,76.0
1402,12103,USC00519523,2017-05-23,0.0,76.0
1403,12104,USC00519523,2017-05-24,0.61,76.0
1404,12105,USC00519523,2017-05-25,0.55,75.0
1405,12106,USC00519523,2017-05-26,0.0,77.0
1406,12107,USC00519523,2017-05-27,0.0,79.0
1407,12108,USC00519523,2017-05-28,0.0,82.0
1408,12109,USC00519523,2017-05-29,0.0,80.0
1409,12110,USC00519523,2017-05-30,0.11,78.0
1410,12111,USC00519523,2017-05-31,0.0,79.0
1411,12112,USC00519523,2017-06-01,0.0,79.0
1412,12113,USC00519523,2017-06-02,0.0,81.0
1413,12114,USC00519523,2017-06-03,0.15,79.0
1414,12115,USC00519523,2017-06-04,0.0,81.0
1415,12116,USC00519523,2017-06-05,0.0,78.0
1416,12117,USC00519523,2017-06-06,0.0,78.0
1417,12118,USC00519523,2017-06-07,0.0,78.0
1418,12119,USC00519523,2017-06-08,0.0,77.0
1419,12120,USC00519523,2017-06-09,0.0,78.0
1420,12121,USC00519523,2017-06-10,0.13,75.0
1421,12122,USC00519523,2017-06-11,0.25,81.0
1422,12123,USC00519523,2017-06-12,0.14,80.0
1423,12124,USC00519523,2017-06-13,0.03,77.0
1424,12125,USC00519523,2017-06-14,0.06,80.0
1425,12126,USC00519523,2017-06-15,0.0,78.0
1426,12127,USC00519523,2017-06-16,0.0,80.0
1427,12128,USC00519523,2017-06-17,0.0,77.0
1428,12129,USC00519523,2017-06-18,0.0,78.0
1429,12130,USC00519523,2017-06-19,0.01,78.0
1430,12131,USC00519523,2017-06-21,,80.0
1431,12132,USC00519523,2017-06-22,0.0,80.0
1432,12133,USC00519523,2017-06-23,0.05,79.0
1433,12134,USC00519523,2017-06-24,0.0,82.0
1434,12135,USC00519523,2017-06-25,0.0,80.0
1435,12136,USC00519523,2017-06-26,0.0,81.0
1436,12137,USC00519523,2017-06-27,0.0,81.0
1437,12138,USC00519523,2017-06-28,0.0,79.0
1438,12139,USC00519523,2017-06-29,0.0,78.0
1439,12140,USC00519523,2017-06-30,0.07,75.0
1440,12141,USC00519523,2017-07-02,,80.0
1441,12142,USC00519523,2017-07-03,0.02,81.0
1442,12143,USC00519523,2017-07-05,,80.0
1443,12144,USC00519523,2017-07-06,0.0,79.0
1444,12145,USC00519523,2017-07-07,0.0,79.0
1445,12146,USC00519523,2017-07-08,0.0,77.0
1446,12147,USC00519523,2017-07-09,0.0,82.0
1447,12148,USC00519523,2017-07-10,0.0,82.0
1448,12149,USC00519523,2017-07-11,0.0,79.0
1449,12150,USC00519523,2017-07-12,0.0,82.0
1450,12151,USC00519523,2017-07-13,0.11,79.0
1451,12152,USC00519523,2017-07-14,0.0,80.0
1452,12153,USC00519523,2017-07-15,0.0,82.0
1453,12154,USC00519523,2017-07-16,0.0,82.0
1454,12155,USC00519523,2017-07-17,0.0,82.0
1455,12156,USC00519523,2017-07-18,0.0,83.0
1456,12157,USC00519523,2017-07-19,0.0,80.0
1457,12158,USC00519523,2017-07-20,0.33,80.0
1458,12159,USC00519523,2017-07-21,0.0,80.0
1459,12160,USC00519523,2017-07-22,0.0,78.0
1460,12161,USC00519523,2017-07-24,,79.0
1461,12162,USC00519523,2017-07-25,0.05,80.0
1462,12163,USC00519523,2017-07-26,0.0,84.0
1463,12164,USC00519523,2017-07-27,0.0,80.0
1464,12165,USC00519523,2017-07-28,0.0,81.0
1465,12166,USC00519523,2017-07-29,0.0,83.0
1466,12167,USC00519523,2017-07-30,0.0,84.0
1467,12168,USC00519523,2017-07-31,0.0,82.0
1468,12169,USC00519523,2017-08-01,0.0,75.0
1469,12170,USC00519523,2017-08-02,0.0,83.0
1470,12171,USC00519523,2017-08-03,0.0,80.0
1471,12172,USC00519523,2017-08-04,0.0,82.0
1472,12173,USC00519523,2017-08-06,0.0,83.0
1473,12174,USC00519523,2017-08-07,0.0,83.0
1474,12175,USC00519523,2017-08-08,0.0,82.0
1475,12176,USC00519523,2017-08-10,0.0,80.0
1476,12177,USC00519523,2017-08-11,0.0,81.0
1477,12178,USC00519523,2017-08-12,0.0,83.0
1478,12179,USC00519523,2017-08-13,0.0,84.0
1479,12180,USC00519523,2017-08-14,0.08,75.0
1480,12181,USC00519523,2017-08-15,0.06,79.0
1481,12182,USC00519523,2017-08-16,0.07,79.0
1482,12183,USC00519523,2017-08-17,0.05,83.0
1483,12184,USC00519523,2017-08-19,,85.0
1484,12185,USC00519523,2017-08-21,,82.0
1485,12186,USC00519523,2017-08-22,0.0,82.0
1486,12187,USC00519523,2017-08-23,0.08,82.0
1487,14617,USC00519281,2016-09-01,0.02,80.0
1488,14618,USC00519281,2016-09-02,0.01,80.0
1489,14619,USC00519281,2016-09-03,0.12,78.0
1490,14620,USC00519281,2016-09-04,0.14,78.0
1491,14621,USC00519281,2016-09-05,0.03,78.0
1492,14622,USC00519281,2016-09-06,0.11,73.0
1493,14623,USC00519281,2016-09-07,0.16,74.0
1494,14624,USC00519281,2016-09-08,0.07,80.0
1495,14625,USC00519281,2016-09-09,0.16,79.0
1496,14626,USC00519281,2016-09-10,0.09,77.0
1497,14627,USC00519281,2016-09-11,0.3,80.0
1498,14628,USC00519281,2016-09-12,0.31,76.0
1499,14629,USC00519281,2016-09-13,0.34,79.0
1500,14630,USC00519281,2016-09-14,2.33,75.0
1501,14631,USC00519281,2016-09-15,0.83,79.0
1502,14632,USC00519281,2016-09-16,0.06,78.0
1503,14633,USC00519281,2016-09-17,0.36,79.0
1504,14634,USC00519281,2016-09-18,0.07,78.0
1505,14635,USC00519281,2016-09-19,0.01,78.0
1506,14636,USC00519281,2016-09-20,0.22,76.0
1507,14637,USC00519281,2016-09-21,0.07,74.0
1508,14638,USC00519281,2016-09-22,0.34,77.0
1509,14639,USC00519281,2016-09-23,0.94,78.0
1510,14640,USC00519281,2016-09-24,0.01,79.0
1511,14641,USC00519281,2016-09-25,0.03,79.0
1512,14642,USC00519281,2016-09-26,0.17,77.0
1513,14643,USC00519281,2016-09-27,0.17,80.0
1514,14644,USC00519281,2016-09-28,0.0,78.0
1515,14645,USC00519281,2016-09-29,0.59,78.0
1516,14646,USC00519281,2016-09-30,0.25,78.0
1517,14647,USC00519281,2016-10-01,0.14,77.0
1518,14648,USC00519281,2016-10-02,0.06,79.0
1519,14649,USC00519281,2016-10-03,0.16,79.0
1520,14650,USC00519281,2016-10-04,0.03,79.0
1521,14651,USC00519281,2016-10-05,0.01,79.0
1522,14652,USC00519281,2016-10-06,0.0,75.0
1523,14653,USC00519281,2016-10-07,0.0,76.0
1524,14654,USC00519281,2016-10-08,0.0,73.0
1525,14655,USC00519281,2016-10-09,0.0,72.0
1526,14656,USC00519281,2016-10-10,0.0,71.0
1527,14657,USC00519281,2016-10-11,0.28,77.0
1528,14658,USC00519281,2016-10-12,0.03,79.0
1529,14659,USC00519281,2016-10-13,0.0,78.0
1530,14660,USC00519281,2016-10-14,0.0,79.0
1531,14661,USC00519281,2016-10-15,0.04,77.0
1532,14662,USC00519281,2016-10-16,0.0,79.0
1533,14663,USC00519281,2016-10-17,0.01,77.0
1534,14664,USC00519281,2016-10-18,0.02,78.0
1535,14665,USC00519281,2016-10-19,0.11,78.0
1536,14666,USC00519281,2016-10-20,0.0,78.0
1537,14667,USC00519281,2016-10-21,0.0,78.0
1538,14668,USC00519281,2016-10-22,0.15,77.0
1539,14669,USC00519281,2016-10-23,0.02,74.0
1540,14670,USC00519281,2016-10-24,0.08,75.0
1541,14671,USC00519281,2016-10-25,0.11,76.0
1542,14672,USC00519281,2016-10-26,0.01,73.0
1543,14673,USC00519281,2016-10-27,0.22,76.0
1544,14674,USC00519281,2016-10-28,0.05,74.0
1545,14675,USC00519281,2016-10-29,0.1,77.0
1546,14676,USC00519281,2016-10-30,0.16,76.0
1547,14677,USC00519281,2016-10-31,0.07,76.0
1548,14678,USC00519281,2016-11-01,0.1,74.0
1549,14679,USC00519281,2016-11-02,0.0,75.0
1550,14680,USC00519281,2016-11-03,0.0,75.0
1551,14681,USC00519281,2016-11-04,0.0,75.0
1552,14682,USC00519281,2016-11-05,0.03,75.0
1553,14683,USC00519281,2016-11-06,0.01,71.0
1554,14684,USC00519281,2016-11-07,0.0,63.0
1555,14685,USC00519281,2016-11-08,0.21,70.0
1556,14686,USC00519281,2016-11-09,0.11,68.0
1557,14687,USC00519281,2016-11-10,0.0,67.0
1558,14688,USC00519281,2016-11-11,0.0,77.0
1559,14689,USC00519281,2016-11-12,0.0,74.0
1560,14690,USC00519281,2016-11-13,0.0,77.0
1561,14691,USC00519281,2016-11-14,0.0,76.0
1562,14692,USC00519281,2016-11-15,0.0,76.0
1563,14693,USC00519281,2016-11-16,0.24,75.0
1564,14694,USC00519281,2016-11-17,0.01,76.0
1565,14695,USC00519281,2016-11-18,0.0,75.0
1566,14696,USC00519281,2016-11-19,0.11,73.0
1567,14697,USC00519281,2016-11-20,0.39,75.0
1568,14698,USC00519281,2016-11-21,0.11,73.0
1569,14699,USC00519281,2016-11-22,2.05,75.0
1570,14700,USC00519281,2016-11-23,0.25,74.0
1571,14701,USC00519281,2016-11-24,0.3,75.0
1572,14702,USC00519281,2016-11-25,0.08,74.0
1573,14703,USC00519281,2016-11-26,0.06,75.0
1574,14704,USC00519281,2016-11-27,0.17,73.0
1575,14705,USC00519281,2016-11-28,0.0,75.0
1576,14706,USC00519281,2016-11-29,0.09,73.0
1577,14707,USC00519281,2016-11-30,0.05,73.0
1578,14708,USC00519281,2016-12-01,0.37,74.0
1579,14709,USC00519281,2016-12-02,0.35,70.0
1580,14710,USC00519281,2016-12-03,0.77,72.0
1581,14711,USC00519281,2016-12-04,0.04,70.0
1582,14712,USC00519281,2016-12-05,0.22,67.0
1583,14713,USC00519281,2016-12-06,0.0,67.0
1584,14714,USC00519281,2016-12-07,0.12,69.0
1585,14715,USC00519281,2016-12-08,0.07,70.0
1586,14716,USC00519281,2016-12-09,0.31,68.0
1587,14717,USC00519281,2016-12-10,0.02,69.0
1588,14718,USC00519281,2016-12-11,0.0,69.0
1589,14719,USC00519281,2016-12-12,0.0,66.0
1590,14720,USC00519281,2016-12-13,0.04,65.0
1591,14721,USC00519281,2016-12-14,0.92,68.0
1592,14722,USC00519281,2016-12-15,0.14,62.0
1593,14723,USC00519281,2016-12-16,0.03,75.0
1594,14724,USC00519281,2016-12-17,0.07,70.0
1595,14725,USC00519281,2016-12-18,0.16,69.0
1596,14726,USC00519281,2016-12-19,0.03,76.0
1597,14727,USC00519281,2016-12-20,0.0,76.0
1598,14728,USC00519281,2016-12-21,0.11,74.0
1599,14729,USC00519281,2016-12-22,0.86,73.0
1600,14730,USC00519281,2016-12-23,0.24,71.0
1601,14731,USC00519281,2016-12-24,0.2,74.0
1602,14732,USC00519281,2016-12-25,0.02,74.0
1603,14733,USC00519281,2016-12-26,0.22,72.0
1604,14734,USC00519281,2016-12-27,0.05,71.0
1605,14735,USC00519281,2016-12-28,0.09,72.0
1606,14736,USC00519281,2016-12-29,0.52,74.0
1607,14737,USC00519281,2016-12-30,0.29,69.0
1608,14738,USC00519281,2016-12-31,0.25,67.0
1609,14739,USC00519281,2017-01-01,0.03,72.0
1610,14740,USC00519281,2017-01-02,0.01,70.0
1611,14741,USC00519281,2017-01-03,0.0,64.0
1612,14742,USC00519281,2017-01-04,0.0,63.0
1613,14743,USC00519281,2017-01-05,0.06,63.0
1614,14744,USC00519281,2017-01-06,0.1,62.0
1615,14745,USC00519281,2017-01-07,0.0,70.0
1616,14746,USC00519281,2017-01-08,0.0,70.0
1617,14747,USC00519281,2017-01-09,0.0,62.0
1618,14748,USC00519281,2017-01-10,0.0,62.0
1619,14749,USC00519281,2017-01-11,0.0,63.0
1620,14750,USC00519281,2017-01-12,0.0,65.0
1621,14751,USC00519281,2017-01-13,0.0,69.0
1622,14752,USC00519281,2017-01-14,0.01,77.0
1623,14753,USC00519281,2017-01-15,0.0,70.0
1624,14754,USC00519281,2017-01-16,0.0,74.0
1625,14755,USC00519281,2017-01-17,0.0,69.0
1626,14756,USC00519281,2017-01-18,0.0,72.0
1627,14757,USC00519281,2017-01-19,0.02,71.0
1628,14758,USC00519281,2017-01-20,0.0,69.0
1629,14759,USC00519281,2017-01-21,0.03,71.0
1630,14760,USC00519281,2017-01-22,0.09,71.0
1631,14761,USC00519281,2017-01-23,0.01,72.0
1632,14762,USC00519281,2017-01-24,0.13,72.0
1633,14763,USC00519281,2017-01-25,0.79,69.0
1634,14764,USC00519281,2017-01-26,0.0,70.0
1635,14765,USC00519281,2017-01-27,0.03,66.0
1636,14766,USC00519281,2017-01-28,0.0,65.0
1637,14767,USC00519281,2017-01-29,0.26,69.0
1638,14768,USC00519281,2017-01-30,0.0,68.0
1639,14769,USC00519281,2017-01-31,0.0,68.0
1640,14770,USC00519281,2017-02-01,0.0,68.0
1641,14771,USC00519281,2017-02-02,0.0,59.0
1642,14772,USC00519281,2017-02-03,0.0,60.0
1643,14773,USC00519281,2017-02-04,0.0,70.0
1644,14774,USC00519281,2017-02-05,0.0,73.0
1645,14775,USC00519281,2017-02-06,0.18,75.0
1646,14776,USC00519281,2017-02-07,1.32,64.0
1647,14777,USC00519281,2017-02-08,0.0,59.0
1648,14778,USC00519281,2017-02-09,0.0,59.0
1649,14779,USC00519281,2017-02-10,0.0,62.0
1650,14780,USC00519281,2017-02-11,1.73,68.0
1651,14781,USC00519281,2017-02-12,2.98,70.0
1652,14782,USC00519281,2017-02-13,0.01,73.0
1653,14783,USC00519281,2017-02-14,0.0,79.0
1654,14784,USC00519281,2017-02-15,0.01,75.0
1655,14785,USC00519281,2017-02-16,0.73,65.0
1656,14786,USC00519281,2017-02-17,0.13,70.0
1657,14787,USC00519281,2017-02-18,0.0,74.0
1658,14788,USC00519281,2017-02-19,0.09,70.0
1659,14789,USC00519281,2017-02-20,0.0,70.0
1660,14790,USC00519281,2017-02-21,0.0,71.0
1661,14791,USC00519281,2017-02-22,0.06,71.0
1662,14792,USC00519281,2017-02-23,0.0,71.0
1663,14793,USC00519281,2017-02-24,0.0,69.0
1664,14794,USC00519281,2017-02-25,0.0,61.0
1665,14795,USC00519281,2017-02-26,0.0,67.0
1666,14796,USC00519281,2017-02-27,0.0,65.0
1667,14797,USC00519281,2017-02-28,0.04,72.0
1668,14798,USC00519281,2017-03-01,2.12,71.0
1669,14799,USC00519281,2017-03-02,1.88,73.0
1670,14800,USC00519281,2017-03-03,0.27,72.0
1671,14801,USC00519281,2017-03-04,0.0,77.0
1672,14802,USC00519281,2017-03-05,0.41,73.0
1673,14803,USC00519281,2017-03-06,0.03,67.0
1674,14804,USC00519281,2017-03-07,0.0,62.0
1675,14805,USC00519281,2017-03-08,0.0,64.0
1676,14806,USC00519281,2017-03-09,0.65,67.0
1677,14807,USC00519281,2017-03-10,0.03,66.0
1678,14808,USC00519281,2017-03-11,0.01,81.0
1679,14809,USC00519281,2017-03-12,0.0,69.0
1680,14810,USC00519281,2017-03-13,0.0,66.0
1681,14811,USC00519281,2017-03-14,0.0,67.0
1682,14812,USC00519281,2017-03-15,0.06,69.0
1683,14813,USC00519281,2017-03-16,0.0,66.0
1684,14814,USC00519281,2017-03-17,0.12,68.0
1685,14815,USC00519281,2017-03-18,0.0,65.0
1686,14816,USC00519281,2017-03-19,0.0,74.0
1687,14817,USC00519281,2017-03-20,0.02,69.0
1688,14818,USC00519281,2017-03-21,0.09,72.0
1689,14819,USC00519281,2017-03-22,0.0,73.0
1690,14820,USC00519281,2017-03-23,0.0,72.0
1691,14821,USC00519281,2017-03-24,0.12,71.0
1692,14822,USC00519281,2017-03-25,0.93,76.0
1693,14823,USC00519281,2017-03-26,0.0,77.0
1694,14824,USC00519281,2017-03-27,0.01,76.0
1695,14825,USC00519281,2017-03-28,0.0,74.0
1696,14826,USC00519281,2017-03-29,0.01,68.0
1697,14827,USC00519281,2017-03-30,0.04,73.0
1698,14828,USC00519281,2017-03-31,0.01,71.0
1699,14829,USC00519281,2017-04-01,0.21,74.0
1700,14830,USC00519281,2017-04-02,0.0,75.0
1701,14831,USC00519281,2017-04-03,0.26,70.0
1702,14832,USC00519281,2017-04-04,0.09,67.0
1703,14833,USC00519281,2017-04-05,0.1,71.0
1704,14834,USC00519281,2017-04-06,0.06,67.0
1705,14835,USC00519281,2017-04-07,0.0,74.0
1706,14836,USC00519281,2017-04-08,0.0,77.0
1707,14837,USC00519281,2017-04-09,0.0,78.0
1708,14838,USC00519281,2017-04-10,0.01,67.0
1709,14839,USC00519281,2017-04-11,0.03,70.0
1710,14840,USC00519281,2017-04-12,0.11,69.0
1711,14841,USC00519281,2017-04-13,0.59,69.0
1712,14842,USC00519281,2017-04-14,2.3,74.0
1713,14843,USC00519281,2017-04-15,0.38,78.0
1714,14844,USC00519281,2017-04-16,0.47,71.0
1715,14845,USC00519281,2017-04-17,1.04,67.0
1716,14846,USC00519281,2017-04-18,2.03,68.0
1717,14847,USC00519281,2017-04-19,0.02,67.0
1718,14848,USC00519281,2017-04-20,0.05,76.0
1719,14849,USC00519281,2017-04-21,1.74,69.0
1720,14850,USC00519281,2017-04-22,1.58,72.0
1721,14851,USC00519281,2017-04-23,0.06,76.0
1722,14852,USC00519281,2017-04-24,0.01,68.0
1723,14853,USC00519281,2017-04-25,0.0,72.0
1724,14854,USC00519281,2017-04-26,0.02,74.0
1725,14855,USC00519281,2017-04-27,0.19,70.0
1726,14856,USC00519281,2017-04-28,0.76,67.0
1727,14857,USC00519281,2017-04-29,0.37,72.0
1728,14858,USC00519281,2017-04-30,1.04,60.0
1729,14859,USC00519281,2017-05-01,0.13,65.0
1730,14860,USC00519281,2017-05-02,0.01,75.0
1731,14861,USC00519281,2017-05-03,0.01,70.0
1732,14862,USC00519281,2017-05-04,0.0,75.0
1733,14863,USC00519281,2017-05-05,0.0,70.0
1734,14864,USC00519281,2017-05-06,0.0,79.0
1735,14865,USC00519281,2017-05-07,0.02,75.0
1736,14866,USC00519281,2017-05-08,0.73,70.0
1737,14867,USC00519281,2017-05-09,1.58,67.0
1738,14868,USC00519281,2017-05-10,0.2,74.0
1739,14869,USC00519281,2017-05-11,0.12,70.0
1740,14870,USC00519281,2017-05-12,0.02,75.0
1741,14871,USC00519281,2017-05-13,0.12,76.0
1742,14872,USC00519281,2017-05-14,0.17,77.0
1743,14873,USC00519281,2017-05-15,0.09,74.0
1744,14874,USC00519281,2017-05-16,0.03,74.0
1745,14875,USC00519281,2017-05-17,0.07,74.0
1746,14876,USC00519281,2017-05-18,0.13,69.0
1747,14877,USC00519281,2017-05-19,0.01,68.0
1748,14878,USC00519281,2017-05-20,0.02,76.0
1749,14879,USC00519281,2017-05-21,0.01,74.0
1750,14880,USC00519281,2017-05-22,0.06,71.0
1751,14881,USC00519281,2017-05-23,0.06,71.0
1752,14882,USC00519281,2017-05-24,0.3,74.0
1753,14883,USC00519281,2017-05-25,0.2,74.0
1754,14884,USC00519281,2017-05-26,0.0,74.0
1755,14885,USC00519281,2017-05-27,0.0,74.0
1756,14886,USC00519281,2017-05-28,0.08,80.0
1757,14887,USC00519281,2017-05-29,0.4,74.0
1758,14888,USC00519281,2017-05-30,1.12,72.0
1759,14889,USC00519281,2017-05-31,0.25,75.0
1760,14890,USC00519281,2017-06-01,0.0,80.0
1761,14891,USC00519281,2017-06-02,0.09,76.0
1762,14892,USC00519281,2017-06-03,0.08,76.0
1763,14893,USC00519281,2017-06-04,0.13,77.0
1764,14894,USC00519281,2017-06-05,0.05,75.0
1765,14895,USC00519281,2017-06-06,0.0,75.0
1766,14896,USC00519281,2017-06-07,0.0,75.0
1767,14897,USC00519281,2017-06-08,0.0,75.0
1768,14898,USC00519281,2017-06-09,0.02,72.0
1769,14899,USC00519281,2017-06-10,0.62,74.0
1770,14900,USC00519281,2017-06-11,0.74,74.0
1771,14901,USC00519281,2017-06-12,0.24,74.0
1772,14902,USC00519281,2017-06-13,0.24,76.0
1773,14903,USC00519281,2017-06-14,0.22,74.0
1774,14904,USC00519281,2017-06-15,0.55,75.0
1775,14905,USC00519281,2017-06-16,0.06,73.0
1776,14906,USC00519281,2017-06-17,0.07,79.0
1777,14907,USC00519281,2017-06-18,0.24,75.0
1778,14908,USC00519281,2017-06-19,0.08,72.0
1779,14909,USC00519281,2017-06-20,0.0,72.0
1780,14910,USC00519281,2017-06-21,0.19,74.0
1781,14911,USC00519281,2017-06-22,0.06,72.0
1782,14912,USC00519281,2017-06-23,0.12,72.0
1783,14913,USC00519281,2017-06-24,0.36,77.0
1784,14914,USC00519281,2017-06-25,0.02,71.0
1785,14915,USC00519281,2017-06-26,0.06,73.0
1786,14916,USC00519281,2017-06-27,0.01,76.0
1787,14917,USC00519281,2017-06-28,0.0,77.0
1788,14918,USC00519281,2017-06-29,0.0,76.0
1789,14919,USC00519281,2017-06-30,0.01,76.0
1790,14920,USC00519281,2017-07-01,0.08,79.0
1791,14921,USC00519281,2017-07-02,0.15,81.0
1792,14922,USC00519281,2017-07-03,0.15,76.0
1793,14923,USC00519281,2017-07-04,0.08,78.0
1794,14924,USC00519281,2017-07-05,0.0,77.0
1795,14925,USC00519281,2017-07-06,0.0,74.0
1796,14926,USC00519281,2017-07-07,0.18,75.0
1797,14927,USC00519281,2017-07-08,0.0,78.0
1798,14928,USC00519281,2017-07-09,0.11,78.0
1799,14929,USC00519281,2017-07-10,0.02,69.0
1800,14930,USC00519281,2017-07-11,0.02,72.0
1801,14931,USC00519281,2017-07-12,0.28,74.0
1802,14932,USC00519281,2017-07-13,0.32,74.0
1803,14933,USC00519281,2017-07-14,0.2,76.0
1804,14934,USC00519281,2017-07-15,0.05,80.0
1805,14935,USC00519281,2017-07-16,0.1,80.0
1806,14936,USC00519281,2017-07-17,0.21,76.0
1807,14937,USC00519281,2017-07-18,0.05,76.0
1808,14938,USC00519281,2017-07-19,0.05,76.0
1809,14939,USC00519281,2017-07-20,0.06,77.0
1810,14940,USC00519281,2017-07-21,0.03,77.0
1811,14941,USC00519281,2017-07-22,0.2,77.0
1812,14942,USC00519281,2017-07-23,0.2,82.0
1813,14943,USC00519281,2017-07-24,0.61,75.0
1814,14944,USC00519281,2017-07-25,0.11,77.0
1815,14945,USC00519281,2017-07-26,0.12,75.0
1816,14946,USC00519281,2017-07-27,0.01,76.0
1817,14947,USC00519281,2017-07-28,0.09,81.0
1818,14948,USC00519281,2017-07-29,0.23,82.0
1819,14949,USC00519281,2017-07-30,0.0,81.0
1820,14950,USC00519281,2017-07-31,0.0,76.0
1821,14951,USC00519281,2017-08-04,0.0,77.0
1822,14952,USC00519281,2017-08-05,0.06,82.0
1823,14953,USC00519281,2017-08-06,0.0,83.0
1824,14954,USC00519281,2017-08-13,0.0,77.0
1825,14955,USC00519281,2017-08-14,0.0,77.0
1826,14956,USC00519281,2017-08-15,0.32,77.0
1827,14957,USC00519281,2017-08-16,0.12,76.0
1828,14958,USC00519281,2017-08-17,0.01,76.0
1829,14959,USC00519281,2017-08-18,0.06,79.0
1830,19210,USC00516128,2016-09-01,0.01,77.0
1831,19211,USC00516128,2016-09-02,0.03,75.0
1832,19212,USC00516128,2016-09-03,1.0,75.0
1833,19213,USC00516128,2016-09-04,0.44,73.0
1834,19214,USC00516128,2016-09-05,0.18,76.0
1835,19215,USC00516128,2016-09-06,1.0,73.0
1836,19216,USC00516128,2016-09-07,1.35,74.0
1837,19217,USC00516128,2016-09-08,0.15,74.0
1838,19218,USC00516128,2016-09-09,0.35,75.0
1839,19219,USC00516128,2016-09-10,1.16,75.0
1840,19220,USC00516128,2016-09-11,0.6,71.0
1841,19221,USC00516128,2016-09-12,1.04,72.0
1842,19222,USC00516128,2016-09-13,1.2,75.0
1843,19223,USC00516128,2016-09-14,6.7,73.0
1844,19224,USC00516128,2016-09-15,3.35,73.0
1845,19225,USC00516128,2016-09-16,0.61,73.0
1846,19226,USC00516128,2016-09-17,0.23,76.0
1847,19227,USC00516128,2016-09-18,0.42,75.0
1848,19228,USC00516128,2016-09-19,0.25,70.0
1849,19229,USC00516128,2016-09-20,0.43,70.0
1850,19230,USC00516128,2016-09-21,1.02,73.0
1851,19231,USC00516128,2016-09-22,0.75,73.0
1852,19232,USC00516128,2016-09-23,0.33,73.0
1853,19233,USC00516128,2016-09-24,0.27,77.0
1854,19234,USC00516128,2016-09-25,0.04,76.0
1855,19235,USC00516128,2016-09-26,1.02,74.0
1856,19236,USC00516128,2016-09-27,1.0,74.0
1857,19237,USC00516128,2016-09-28,0.05,77.0
1858,19238,USC00516128,2016-09-29,1.49,77.0
1859,19239,USC00516128,2016-09-30,0.38,73.0
1860,19240,USC00516128,2016-10-01,1.02,74.0
1861,19241,USC00516128,2016-10-02,0.61,73.0
1862,19242,USC00516128,2016-10-03,0.46,76.0
1863,19243,USC00516128,2016-10-04,3.46,74.0
1864,19244,USC00516128,2016-10-05,0.81,75.0
1865,19245,USC00516128,2016-10-06,0.04,75.0
1866,19246,USC00516128,2016-10-07,0.01,73.0
1867,19247,USC00516128,2016-10-08,0.04,74.0
1868,19248,USC00516128,2016-10-09,0.0,77.0
1869,19249,USC00516128,2016-10-10,0.0,74.0
1870,19250,USC00516128,2016-10-11,0.35,74.0
1871,19251,USC00516128,2016-10-12,0.02,78.0
1872,19252,USC00516128,2016-10-13,0.06,75.0
1873,19253,USC00516128,2016-10-14,0.0,73.0
1874,19254,USC00516128,2016-10-15,0.33,74.0
1875,19255,USC00516128,2016-10-16,0.0,77.0
1876,19256,USC00516128,2016-10-17,0.38,70.0
1877,19257,USC00516128,2016-10-18,0.48,74.0
1878,19258,USC00516128,2016-10-19,0.0,70.0
1879,19259,USC00516128,2016-10-20,1.0,73.0
1880,19260,USC00516128,2016-10-21,0.09,74.0
1881,19261,USC00516128,2016-10-22,1.37,75.0
1882,19262,USC00516128,2016-10-23,0.24,72.0
1883,19263,USC00516128,2016-10-24,0.7,71.0
1884,19264,USC00516128,2016-10-25,0.4,74.0
1885,19265,USC00516128,2016-10-26,0.0,75.0
1886,19266,USC00516128,2016-10-27,1.25,71.0
1887,19267,USC00516128,2016-10-28,0.37,68.0
1888,19268,USC00516128,2016-10-29,0.25,71.0
1889,19269,USC00516128,2016-10-30,0.95,76.0
1890,19270,USC00516128,2016-10-31,1.35,69.0
1891,19271,USC00516128,2016-11-01,0.09,73.0
1892,19272,USC00516128,2016-11-02,0.04,76.0
1893,19273,USC00516128,2016-11-03,0.02,74.0
1894,19274,USC00516128,2016-11-04,0.06,74.0
1895,19275,USC00516128,2016-11-05,0.38,69.0
1896,19276,USC00516128,2016-11-06,0.05,77.0
1897,19277,USC00516128,2016-11-07,0.05,71.0
1898,19278,USC00516128,2016-11-08,0.53,71.0
1899,19279,USC00516128,2016-11-09,0.04,71.0
1900,19280,USC00516128,2016-11-10,0.01,71.0
1901,19281,USC00516128,2016-11-11,0.0,67.0
1902,19282,USC00516128,2016-11-12,0.0,73.0
1903,19283,USC00516128,2016-11-13,0.0,72.0
1904,19284,USC00516128,2016-11-14,0.02,74.0
1905,19285,USC00516128,2016-11-15,0.05,72.0
1906,19286,USC00516128,2016-11-16,0.91,72.0
1907,19287,USC00516128,2016-11-17,0.02,75.0
1908,19288,USC00516128,2016-11-20,,74.0
1909,19289,USC00516128,2016-11-21,2.87,71.0
1910,19290,USC00516128,2016-11-22,2.11,73.0
1911,19291,USC00516128,2016-11-23,0.22,69.0
1912,19292,USC00516128,2016-11-24,0.72,69.0
1913,19293,USC00516128,2016-11-25,1.03,69.0
1914,19294,USC00516128,2016-11-26,0.3,70.0
1915,19295,USC00516128,2016-11-27,0.29,69.0
1916,19296,USC00516128,2016-11-28,0.69,71.0
1917,19297,USC00516128,2016-11-29,0.2,67.0
1918,19298,USC00516128,2016-11-30,0.79,72.0
1919,19299,USC00516128,2016-12-01,0.72,71.0
1920,19300,USC00516128,2016-12-02,1.27,71.0
1921,19301,USC00516128,2016-12-03,1.62,67.0
1922,19302,USC00516128,2016-12-04,0.31,76.0
1923,19303,USC00516128,2016-12-05,1.6,67.0
1924,19304,USC00516128,2016-12-06,0.0,67.0
1925,19305,USC00516128,2016-12-07,0.02,68.0
1926,19306,USC00516128,2016-12-08,0.03,71.0
1927,19307,USC00516128,2016-12-09,0.42,68.0
1928,19308,USC00516128,2016-12-10,0.04,68.0
1929,19309,USC00516128,2016-12-11,0.13,69.0
1930,19310,USC00516128,2016-12-12,0.01,65.0
1931,19311,USC00516128,2016-12-13,0.09,70.0
1932,19312,USC00516128,2016-12-14,0.33,69.0
1933,19313,USC00516128,2016-12-15,0.03,64.0
1934,19314,USC00516128,2016-12-16,0.0,60.0
1935,19315,USC00516128,2016-12-18,,67.0
1936,19316,USC00516128,2016-12-19,0.15,72.0
1937,19317,USC00516128,2016-12-20,0.0,73.0
1938,19318,USC00516128,2016-12-21,0.55,70.0
1939,19319,USC00516128,2016-12-22,1.24,68.0
1940,19320,USC00516128,2016-12-23,0.83,69.0
1941,19321,USC00516128,2016-12-24,1.08,69.0
1942,19322,USC00516128,2016-12-25,0.38,69.0
1943,19323,USC00516128,2016-12-26,1.48,71.0
1944,19324,USC00516128,2016-12-27,0.14,71.0
1945,19325,USC00516128,2016-12-28,0.14,71.0
1946,19326,USC00516128,2016-12-29,1.03,69.0
1947,19327,USC00516128,2016-12-30,2.37,65.0
1948,19328,USC00516128,2016-12-31,0.9,65.0
1949,19329,USC00516128,2017-01-01,0.03,68.0
1950,19330,USC00516128,2017-01-02,0.0,70.0
1951,19331,USC00516128,2017-01-03,0.0,71.0
1952,19332,USC00516128,2017-01-04,0.0,70.0
1953,19333,USC00516128,2017-01-05,0.47,71.0
1954,19334,USC00516128,2017-01-06,0.1,65.0
1955,19335,USC00516128,2017-01-07,0.0,70.0
1956,19336,USC00516128,2017-01-08,0.03,66.0
1957,19337,USC00516128,2017-01-09,0.0,69.0
1958,19338,USC00516128,2017-01-10,0.0,64.0
1959,19339,USC00516128,2017-01-11,0.0,66.0
1960,19340,USC00516128,2017-01-12,0.0,68.0
1961,19341,USC00516128,2017-01-13,0.0,67.0
1962,19342,USC00516128,2017-01-14,0.0,70.0
1963,19343,USC00516128,2017-01-15,0.01,68.0
1964,19344,USC00516128,2017-01-16,0.0,68.0
1965,19345,USC00516128,2017-01-17,0.0,69.0
1966,19346,USC00516128,2017-01-18,0.07,73.0
1967,19347,USC00516128,2017-01-19,0.0,71.0
1968,19348,USC00516128,2017-01-20,0.0,67.0
1969,19349,USC00516128,2017-01-21,0.08,67.0
1970,19350,USC00516128,2017-01-22,0.72,68.0
1971,19351,USC00516128,2017-01-23,0.85,70.0
1972,19352,USC00516128,2017-01-24,1.85,67.0
1973,19353,USC00516128,2017-01-25,2.64,69.0
1974,19354,USC00516128,2017-01-26,0.1,67.0
1975,19355,USC00516128,2017-01-27,0.03,69.0
1976,19356,USC00516128,2017-01-28,0.0,64.0
1977,19357,USC00516128,2017-01-29,0.55,67.0
1978,19358,USC00516128,2017-01-30,0.0,66.0
1979,19359,USC00516128,2017-01-31,0.0,65.0
1980,19360,USC00516128,2017-02-01,0.0,65.0
1981,19361,USC00516128,2017-02-02,0.0,60.0
1982,19362,USC00516128,2017-02-04,,66.0
1983,19363,USC00516128,2017-02-05,0.0,69.0
1984,19364,USC00516128,2017-02-06,0.0,73.0
1985,19365,USC00516128,2017-02-07,1.79,68.0
1986,19366,USC00516128,2017-02-08,0.0,68.0
1987,19367,USC00516128,2017-02-09,0.0,64.0
1988,19368,USC00516128,2017-02-10,0.0,70.0
1989,19369,USC00516128,2017-02-11,0.73,66.0
1990,19370,USC00516128,2017-02-12,1.83,65.0
1991,19371,USC00516128,2017-02-13,0.0,68.0
1992,19372,USC00516128,2017-02-14,0.01,79.0
1993,19373,USC00516128,2017-02-15,0.07,71.0
1994,19374,USC00516128,2017-02-16,0.13,72.0
1995,19375,USC00516128,2017-02-18,,72.0
1996,19376,USC00516128,2017-02-19,0.1,68.0
1997,19377,USC00516128,2017-02-20,0.0,69.0
1998,19378,USC00516128,2017-02-21,0.07,65.0
1999,19379,USC00516128,2017-02-22,0.32,69.0
2000,19380,USC00516128,2017-02-23,0.0,72.0
2001,19381,USC00516128,2017-02-24,0.0,68.0
2002,19382,USC00516128,2017-02-25,0.12,66.0
2003,19383,USC00516128,2017-02-26,0.0,64.0
2004,19384,USC00516128,2017-02-27,0.0,69.0
2005,19385,USC00516128,2017-02-28,0.58,69.0
2006,19386,USC00516128,2017-03-01,2.0,64.0
2007,19387,USC00516128,2017-03-02,0.58,72.0
2008,19388,USC00516128,2017-03-03,0.56,78.0
2009,19389,USC00516128,2017-03-04,0.0,70.0
2010,19390,USC00516128,2017-03-05,0.35,68.0
2011,19391,USC00516128,2017-03-06,0.0,76.0
2012,19392,USC00516128,2017-03-07,0.0,72.0
2013,19393,USC00516128,2017-03-08,0.0,68.0
2014,19394,USC00516128,2017-03-09,0.01,72.0
2015,19395,USC00516128,2017-03-10,0.0,65.0
2016,19396,USC00516128,2017-03-11,0.0,82.0
2017,19397,USC00516128,2017-03-13,,69.0
2018,19398,USC00516128,2017-03-14,0.0,75.0
2019,19399,USC00516128,2017-03-15,0.0,76.0
2020,19400,USC00516128,2017-03-16,0.0,77.0
2021,19401,USC00516128,2017-03-18,,70.0
2022,19402,USC00516128,2017-03-19,0.0,74.0
2023,19403,USC00516128,2017-03-20,0.0,74.0
2024,19404,USC00516128,2017-03-21,0.0,72.0
2025,19405,USC00516128,2017-03-22,0.0,72.0
2026,19406,USC00516128,2017-03-23,0.03,70.0
2027,19407,USC00516128,2017-03-24,0.17,70.0
2028,19408,USC00516128,2017-03-25,0.48,72.0
2029,19409,USC00516128,2017-03-26,0.0,72.0
2030,19410,USC00516128,2017-03-27,0.0,74.0
2031,19411,USC00516128,2017-03-28,0.68,69.0
2032,19412,USC00516128,2017-03-29,0.07,69.0
2033,19413,USC00516128,2017-03-31,,76.0
2034,19414,USC00516128,2017-04-01,0.2,69.0
2035,19415,USC00516128,2017-04-02,0.0,71.0
2036,19416,USC00516128,2017-04-03,0.23,73.0
2037,19417,USC00516128,2017-04-04,0.02,75.0
2038,19418,USC00516128,2017-04-05,0.45,69.0
2039,19419,USC00516128,2017-04-06,0.0,72.0
2040,19420,USC00516128,2017-04-08,,76.0
2041,19421,USC00516128,2017-04-09,0.0,70.0
2042,19422,USC00516128,2017-04-10,0.0,72.0
2043,19423,USC00516128,2017-04-11,0.25,71.0
2044,19424,USC00516128,2017-04-12,0.65,70.0
2045,19425,USC00516128,2017-04-13,0.23,73.0
2046,19426,USC00516128,2017-04-14,2.82,72.0
2047,19427,USC00516128,2017-04-15,0.9,70.0
2048,19428,USC00516128,2017-04-16,0.11,71.0
2049,19429,USC00516128,2017-04-17,1.3,69.0
2050,19430,USC00516128,2017-04-18,0.98,71.0
2051,19431,USC00516128,2017-04-19,0.14,71.0
2052,19432,USC00516128,2017-04-20,0.0,69.0
2053,19433,USC00516128,2017-04-21,1.84,70.0
2054,19434,USC00516128,2017-04-22,1.35,73.0
2055,19435,USC00516128,2017-04-23,0.35,70.0
2056,19436,USC00516128,2017-04-24,0.05,75.0
2057,19437,USC00516128,2017-04-25,0.0,74.0
2058,19438,USC00516128,2017-04-26,0.22,77.0
2059,19439,USC00516128,2017-04-27,0.11,76.0
2060,19440,USC00516128,2017-04-28,0.79,71.0
2061,19441,USC00516128,2017-04-29,0.0,68.0
2062,19442,USC00516128,2017-04-30,0.8,58.0
2063,19443,USC00516128,2017-05-01,0.25,73.0
2064,19444,USC00516128,2017-05-02,0.0,79.0
2065,19445,USC00516128,2017-05-04,,74.0
2066,19446,USC00516128,2017-05-05,0.1,74.0
2067,19447,USC00516128,2017-05-06,0.0,74.0
2068,19448,USC00516128,2017-05-07,0.03,70.0
2069,19449,USC00516128,2017-05-08,1.11,66.0
2070,19450,USC00516128,2017-05-09,0.23,72.0
2071,19451,USC00516128,2017-05-10,0.55,72.0
2072,19452,USC00516128,2017-05-11,0.44,78.0
2073,19453,USC00516128,2017-05-12,0.1,70.0
2074,19454,USC00516128,2017-05-13,0.1,71.0
2075,19455,USC00516128,2017-05-14,1.0,70.0
2076,19456,USC00516128,2017-05-15,0.6,72.0
2077,19457,USC00516128,2017-05-16,0.3,71.0
2078,19458,USC00516128,2017-05-17,0.06,71.0
2079,19459,USC00516128,2017-05-18,0.0,69.0
2080,19460,USC00516128,2017-05-20,,70.0
2081,19461,USC00516128,2017-05-21,0.0,69.0
2082,19462,USC00516128,2017-05-22,0.3,72.0
2083,19463,USC00516128,2017-05-23,0.44,69.0
2084,19464,USC00516128,2017-05-24,2.17,70.0
2085,19465,USC00516128,2017-05-25,0.88,75.0
2086,19466,USC00516128,2017-05-26,0.0,72.0
2087,19467,USC00516128,2017-05-27,0.5,72.0
2088,19468,USC00516128,2017-05-28,0.0,73.0
2089,19469,USC00516128,2017-05-30,,72.0
2090,19470,USC00516128,2017-06-01,0.01,74.0
2091,19471,USC00516128,2017-06-03,,74.0
2092,19472,USC00516128,2017-06-04,0.82,77.0
2093,19473,USC00516128,2017-06-05,0.01,74.0
2094,19474,USC00516128,2017-06-06,0.0,74.0
2095,19475,USC00516128,2017-06-07,0.01,79.0
2096,19476,USC00516128,2017-06-08,0.0,75.0
2097,19477,USC00516128,2017-06-10,,72.0
2098,19478,USC00516128,2017-06-11,0.7,76.0
2099,19479,USC00516128,2017-06-12,0.81,74.0
2100,19480,USC00516128,2017-06-13,0.65,73.0
2101,19481,USC00516128,2017-06-14,0.81,74.0
2102,19482,USC00516128,2017-06-15,1.69,77.0
2103,19483,USC00516128,2017-06-16,0.1,74.0
2104,19484,USC00516128,2017-06-17,0.1,72.0
2105,19485,USC00516128,2017-06-18,0.7,77.0
2106,19486,USC00516128,2017-06-19,0.4,76.0
2107,19487,USC00516128,2017-06-20,0.31,74.0
2108,19488,USC00516128,2017-06-21,0.3,75.0
2109,19489,USC00516128,2017-06-22,0.28,76.0
2110,19490,USC00516128,2017-06-23,0.5,71.0
2111,19491,USC00516128,2017-06-24,0.22,73.0
2112,19492,USC00516128,2017-06-25,0.5,79.0
2113,19493,USC00516128,2017-06-26,0.02,79.0
2114,19494,USC00516128,2017-06-27,0.1,74.0
2115,19495,USC00516128,2017-06-28,0.02,74.0
2116,19496,USC00516128,2017-06-29,0.04,76.0
2117,19497,USC00516128,2017-06-30,0.2,75.0
2118,19498,USC00516128,2017-07-01,0.1,74.0
2119,19499,USC00516128,2017-07-02,0.5,78.0
2120,19500,USC00516128,2017-07-03,0.4,77.0
2121,19501,USC00516128,2017-07-04,0.0,77.0
2122,19502,USC00516128,2017-07-05,0.0,75.0
2123,19503,USC00516128,2017-07-06,0.02,74.0
2124,19504,USC00516128,2017-07-07,0.3,74.0
2125,19505,USC00516128,2017-07-08,0.02,71.0
2126,19506,USC00516128,2017-07-09,0.0,78.0
2127,19507,USC00516128,2017-07-10,0.02,77.0
2128,19508,USC00516128,2017-07-11,0.0,74.0
2129,19509,USC00516128,2017-07-12,0.05,72.0
2130,19510,USC00516128,2017-07-13,0.68,77.0
2131,19511,USC00516128,2017-07-14,0.68,76.0
2132,19512,USC00516128,2017-07-15,0.1,78.0
2133,19513,USC00516128,2017-07-16,0.5,75.0
2134,19514,USC00516128,2017-07-17,0.39,72.0
2135,19515,USC00516128,2017-07-18,2.4,77.0
2136,19516,USC00516128,2017-07-19,0.27,74.0
2137,19517,USC00516128,2017-07-20,0.7,75.0
2138,19518,USC00516128,2017-07-21,0.1,72.0
2139,19519,USC00516128,2017-07-22,4.0,72.0
2140,19520,USC00516128,2017-07-23,0.8,78.0
2141,19521,USC00516128,2017-07-24,0.84,77.0
2142,19522,USC00516128,2017-07-25,0.3,79.0
2143,19523,USC00516128,2017-07-26,0.3,73.0
2144,19524,USC00516128,2017-07-27,0.0,75.0
2145,19525,USC00516128,2017-07-28,0.4,73.0
2146,19526,USC00516128,2017-07-29,0.3,77.0
2147,19527,USC00516128,2017-07-30,0.3,79.0
2148,19528,USC00516128,2017-07-31,0.0,74.0
2149,19529,USC00516128,2017-08-01,,72.0
2150,19530,USC00516128,2017-08-02,0.25,80.0
2151,19531,USC00516128,2017-08-03,0.06,76.0
2152,19532,USC00516128,2017-08-05,,77.0
2153,19533,USC00516128,2017-08-06,,79.0
2154,19534,USC00516128,2017-08-07,0.05,78.0
2155,19535,USC00516128,2017-08-08,0.34,74.0
2156,19536,USC00516128,2017-08-09,0.15,71.0
2157,19537,USC00516128,2017-08-10,0.07,75.0
2158,19538,USC00516128,2017-08-11,,72.0
2159,19539,USC00516128,2017-08-12,0.14,74.0
2160,19540,USC00516128,2017-08-13,,80.0
2161,19541,USC00516128,2017-08-14,0.22,79.0
2162,19542,USC00516128,2017-08-15,0.42,70.0
2163,19543,USC00516128,2017-08-16,0.42,71.0
2164,19544,USC00516128,2017-08-17,0.13,72.0
2165,19545,USC00516128,2017-08-18,,76.0
2166,19546,USC00516128,2017-08-19,0.09,71.0
2167,19547,USC00516128,2017-08-20,,78.0
2168,19548,USC00516128,2017-08-21,0.56,76.0
2169,19549,USC00516128,2017-08-22,0.5,76.0
2170,19550,USC00516128,2017-08-23,0.45,76.0
